Year,Site,Treatment,Plot,Quadrat,Species,Obs,Canopy_cover,Height_cm,Count,NPP_g_m2,PFT
2018,ANT,W,2,1,BOER,1,4,19,1,12.0172,PG4
2018,ANT,W,2,1,BOER,2,3,19,1,9.0129,PG4
2018,ANT,W,2,1,BOER,3,2,17,2,12.0172,PG4
2018,ANT,W,2,1,BOER,4,1,14,2,6.0086,PG4
2018,ANT,W,2,1,BOER,5,0.5,12,2,3.0043,PG4
2018,ANT,W,2,1,CHRE,1,0.1,6,1,0.0463,AF
2018,ANT,W,2,1,CHRE,2,0.05,3,2,0.0463,AF
2018,ANT,W,2,1,CHSES,1,0.25,4,1,0.11575,AF
2018,ANT,W,2,1,CHSES,2,0.1,3,2,0.0926,AF
2018,ANT,W,2,1,PLJA,1,1.5,17,1,5.68875,PG4
2018,ANT,W,2,1,PLJA,2,0.5,15,3,5.68875,PG4
2018,ANT,W,2,1,SATR,1,0.1,5,3,0.15486,AF
2018,ANT,W,2,1,SATR,2,0.25,7,3,0.38715,AF
2018,ANT,C,3,1,BOER,1,3,20,1,9.0129,PG4
2018,ANT,C,3,1,BOER,2,2,18,1,6.0086,PG4
2018,ANT,C,3,1,BOER,3,1,16,3,9.0129,PG4
2018,ANT,C,3,1,BOER,4,0.5,10,3,4.50645,PG4
2018,ANT,C,3,1,CAJA,1,2.5,17,1,1.2905,SS
2018,ANT,C,3,1,CHRE,1,0.1,6,4,0.1852,AF
2018,ANT,C,3,1,CHSES,1,0.1,6,2,0.0926,AF
2018,ANT,C,3,1,CHSES,2,0.05,2,3,0.06945,AF
2018,ANT,C,3,1,MEMO,1,0.1,6,5,0.2315,AF
2018,ANT,C,3,1,MEMO,2,0.05,4,2,0.0463,AF
2018,ANT,C,3,1,PLJA,1,0.5,12,3,5.68875,PG4
2018,ANT,C,3,1,PLJA,2,0.1,8,3,1.13775,PG4
2018,ANT,C,3,1,SATR,1,0.1,4,1,0.05162,AF
2018,ANT,C,3,2,BOER,1,5,15,1,15.0215,PG4
2018,ANT,C,3,2,BOER,2,2,12,1,6.0086,PG4
2018,ANT,C,3,2,BOER,3,1,11,3,9.0129,PG4
2018,ANT,C,3,2,CHSES,1,0.1,8,5,0.2315,AF
2018,ANT,C,3,2,CHSES,2,0.05,2,2,0.0463,AF
2018,ANT,C,3,2,MEMO,1,0.1,6,2,0.0926,AF
2018,ANT,C,3,2,PLJA,1,2,21,2,15.17,PG4
2018,ANT,C,3,2,PLJA,2,1,17,6,22.755,PG4
2018,ANT,C,3,2,PLJA,3,0.5,14,7,13.27375,PG4
2018,ANT,C,3,2,PLJA,4,0.1,8,2,0.7585,PG4
2018,ANT,C,3,2,SATR,1,0.1,7,1,0.05162,AF
2018,ANT,C,7,1,BOER,1,2,21,1,6.0086,PG4
2018,ANT,C,7,1,BOER,2,1,14,1,3.0043,PG4
2018,ANT,C,7,1,BOER,3,0.5,9,1,1.50215,PG4
2018,ANT,C,7,1,BOER,4,0.1,7,1,0.30043,PG4
2018,ANT,C,7,1,CHRE,1,0.25,6,2,0.2315,AF
2018,ANT,C,7,1,CHRE,2,0.1,5,4,0.1852,AF
2018,ANT,C,7,1,CHSES,1,0.1,2,2,0.0926,AF
2018,ANT,C,7,1,PLJA,1,2.5,22,1,9.48125,PG4
2018,ANT,C,7,1,PLJA,2,1.5,21,1,5.68875,PG4
2018,ANT,C,7,1,PLJA,3,1,20,4,15.17,PG4
2018,ANT,C,7,1,PLJA,4,0.5,11,4,7.585,PG4
2018,ANT,C,7,1,PLJA,5,0.1,10,4,1.517,PG4
2018,ANT,C,8,1,BOER,1,2.5,23,2,15.0215,PG4
2018,ANT,C,8,1,BOER,2,2,21,2,12.0172,PG4
2018,ANT,C,8,1,BOER,3,1,18,2,6.0086,PG4
2018,ANT,C,8,1,CHSES,1,0.5,2,1,0.2315,AF
2018,ANT,C,8,1,CHSES,2,0.25,2,2,0.2315,AF
2018,ANT,C,8,1,CHSES,3,0.1,2,6,0.2778,AF
2018,ANT,C,8,1,CHSES,4,0.05,1,8,0.1852,AF
2018,ANT,C,8,1,KOAM,1,0.1,5,1,0.11953,AF
2018,ANT,C,8,1,PLJA,1,1,20,3,11.3775,PG4
2018,ANT,C,8,1,PLJA,2,0.5,20,3,5.68875,PG4
2018,ANT,C,8,1,PLJA,3,0.25,16,2,1.89625,PG4
2018,ANT,C,8,1,PLJA,4,0.1,12,1,0.37925,PG4
2018,ANT,C,8,2,BOER,1,4,26,2,24.0344,PG4
2018,ANT,C,8,2,CHSES,1,0.5,4,1,0.2315,AF
2018,ANT,C,8,2,CHSES,2,0.1,4,4,0.1852,AF
2018,ANT,C,8,2,CHSES,3,0.25,4,1,0.11575,AF
2018,ANT,C,8,2,CHSES,4,0.05,2,7,0.16205,AF
2018,ANT,C,8,2,KOAM,1,0.25,8,1,0.298825,AF
2018,ANT,C,8,2,PLJA,1,2,29,3,22.755,PG4
2018,ANT,C,8,2,PLJA,2,1,26,5,18.9625,PG4
2018,ANT,C,8,2,PLJA,3,0.5,22,4,7.585,PG4
2018,ANT,C,8,2,PLJA,4,0.25,14,4,3.7925,PG4
2018,ANT,C,10,1,BOER,1,6,26,2,36.0516,PG4
2018,ANT,C,10,1,BOER,2,2,25,4,24.0344,PG4
2018,ANT,C,10,1,BOER,3,1,20,2,6.0086,PG4
2018,ANT,C,10,1,BOER,4,0.5,16,3,4.50645,PG4
2018,ANT,C,10,1,CHSES,1,0.25,4,3,0.34725,AF
2018,ANT,C,10,1,CHSES,2,0.1,4,6,0.2778,AF
2018,ANT,C,10,1,CHSES,3,0.05,1,10,0.2315,AF
2018,ANT,C,10,1,CHSES,4,0.01,1,4,0.01852,AF
2018,ANT,C,10,2,BOER,1,3,23,2,18.0258,PG4
2018,ANT,C,10,2,BOER,2,2,22,2,12.0172,PG4
2018,ANT,C,10,2,BOER,3,1,18,1,3.0043,PG4
2018,ANT,C,10,2,BOER,4,0.5,12,1,1.50215,PG4
2018,ANT,C,10,2,CHRE,1,0.25,9,2,0.2315,AF
2018,ANT,C,10,2,CHRE,2,0.5,12,2,0.463,AF
2018,ANT,C,10,2,CHRE,3,0.1,6,1,0.0463,AF
2018,ANT,C,10,2,CHSES,1,0.25,3,7,0.81025,AF
2018,ANT,C,10,2,CHSES,2,0.1,3,8,0.3704,AF
2018,ANT,C,10,2,CHSES,3,0.05,1,6,0.1389,AF
2018,ANT,C,10,2,PLJA,1,1.5,21,3,17.06625,PG4
2018,ANT,C,10,2,PLJA,2,1,20,2,7.585,PG4
2018,ANT,C,10,2,PLJA,3,0.5,13,3,5.68875,PG4
2018,ANT,D,4,1,BOER,1,2,20,1,6.0086,PG4
2018,ANT,D,4,1,BOER,2,1,14,3,9.0129,PG4
2018,ANT,D,4,1,BOER,3,0.5,10,3,4.50645,PG4
2018,ANT,D,4,1,BOER,4,0.25,8,2,1.50215,PG4
2018,ANT,D,4,1,CHSES,1,0.01,1,1,0.00463,AF
2018,ANT,D,4,1,PLJA,1,0.1,16,1,0.37925,PG4
2018,ANT,D,4,2,BOER,1,4,24,1,12.0172,PG4
2018,ANT,D,4,2,BOER,2,2,20,3,18.0258,PG4
2018,ANT,D,4,2,BOER,3,1,18,2,6.0086,PG4
2018,ANT,D,4,2,BOER,4,0.5,12,2,3.0043,PG4
2018,ANT,D,4,2,CHSES,1,0.1,5,1,0.0463,AF
2018,ANT,D,4,2,CHSES,2,0.05,2,2,0.0463,AF
2018,ANT,D,4,2,PLJA,1,0.5,8,2,3.7925,PG4
2018,ANT,D,4,2,UKFO,1,0.1,6,1,0.0463,PF
2018,ANT,D,6,1,BOER,1,1,20,3,9.0129,PG4
2018,ANT,D,6,1,BOER,2,0.5,16,3,4.50645,PG4
2018,ANT,D,6,1,UKFO,1,0.25,17,1,0.11575,PF
2018,ANT,D,6,1,UKFO,2,0.1,14,1,0.0463,PF
2018,ANT,D,6,1,UKFO,1,0.05,2,1,0.02315,PF
2018,ANT,D,6,2,BOER,1,0.5,12,3,4.50645,PG4
2018,ANT,D,6,2,PLJA,1,0.25,16,3,2.844375,PG4
2018,ANT,D,6,2,SATR,1,0.1,6,1,0.05162,AF
2018,ANT,D,6,2,SPHA,1,1,22,1,1.6822,PF
2018,ANT,D,9,1,BOER,1,1,16,2,6.0086,PG4
2018,ANT,D,9,1,BOER,2,0.5,11,2,3.0043,PG4
2018,ANT,D,9,1,BOER,3,0.25,8,1,0.751075,PG4
2018,ANT,D,9,1,CHRE,1,0.05,5,1,0.02315,AF
2018,ANT,D,9,1,CHSES,1,0.01,1,1,0.00463,AF
2018,ANT,D,9,1,MEMO,1,0.5,13,2,0.463,AF
2018,ANT,D,9,1,MEMO,2,0.25,10,5,0.57875,AF
2018,ANT,D,9,1,MEMO,3,0.1,8,2,0.0926,AF
2018,ANT,D,9,1,PLJA,1,0.5,16,3,5.68875,PG4
2018,ANT,D,9,1,PLJA,2,0.25,15,3,2.844375,PG4
2018,ANT,D,9,1,PLJA,3,1,24,1,3.7925,PG4
2018,ANT,D,9,2,BOER,1,1.5,16,1,4.50645,PG4
2018,ANT,D,9,2,BOER,2,0.5,14,2,3.0043,PG4
2018,ANT,D,9,2,BOER,3,0.25,8,2,1.50215,PG4
2018,ANT,D,12,1,BOER,1,0.25,10,2,1.50215,PG4
2018,ANT,D,12,1,BOER,2,0.5,12,3,4.50645,PG4
2018,ANT,D,12,1,CHSES,1,0.05,2,1,0.02315,AF
2018,ANT,D,12,1,PLJA,1,0.5,15,3,5.68875,PG4
2018,ANT,D,12,1,PLJA,2,0.25,12,2,1.89625,PG4
2018,ANT,D,12,1,PLJA,3,0.1,8,4,1.517,PG4
2018,ANT,D,12,2,BOER,1,2,19,2,12.0172,PG4
2018,ANT,D,12,2,BOER,2,1,17,1,3.0043,PG4
2018,ANT,D,12,2,BOER,3,0.5,15,3,4.50645,PG4
2018,ANT,D,12,2,BOER,4,0.1,14,1,0.30043,PG4
2018,ANT,D,12,2,CHSES,1,0.1,2,1,0.0463,AF
2018,ANT,D,12,2,KOAM,1,0.25,11,2,0.59765,AF
2018,ANT,D,12,2,MEMO,1,0.1,7,2,0.0926,AF
2018,ANT,D,12,2,PLJA,1,0.25,15,1,0.948125,PG4
2018,ANT,D,12,2,PLJA,2,0.1,12,2,0.7585,PG4
2018,ANT,D,12,2,SATR,1,1,17,1,0.5162,AF
2018,ANT,W,1,1,BOER,1,2,17,1,6.0086,PG4
2018,ANT,W,1,1,BOER,2,2.5,18,1,7.51075,PG4
2018,ANT,W,1,1,BOER,3,4,19,1,12.0172,PG4
2018,ANT,W,1,1,BOER,4,1,15,2,6.0086,PG4
2018,ANT,W,1,1,BOER,5,0.5,10,2,3.0043,PG4
2018,ANT,W,1,1,BOER,6,0.25,8,3,2.253225,PG4
2018,ANT,W,1,1,BOER,7,0.5,10,1,1.50215,PG4
2018,ANT,W,1,1,BOER,8,0.1,7,2,0.60086,PG4
2018,ANT,W,1,1,CHSES,1,0.05,2,10,0.2315,AF
2018,ANT,W,1,1,CHSES,2,0.01,1,14,0.06482,AF
2018,ANT,W,1,1,CHSES,3,0.05,2,4,0.0926,AF
2018,ANT,W,1,1,MEMO,1,0.1,4,2,0.0926,AF
2018,ANT,W,1,1,PLJA,1,2,21,2,15.17,PG4
2018,ANT,W,1,1,PLJA,2,1.5,20,1,5.68875,PG4
2018,ANT,W,1,1,PLJA,3,0.5,17,3,5.68875,PG4
2018,ANT,W,1,1,PLJA,4,0.25,15,1,0.948125,PG4
2018,ANT,W,1,2,BOER,1,2,16,1,6.0086,PG4
2018,ANT,W,1,2,BOER,2,1,14,4,12.0172,PG4
2018,ANT,W,1,2,BOER,3,0.5,10,5,7.51075,PG4
2018,ANT,W,1,2,BOER,4,0.25,8,2,1.50215,PG4
2018,ANT,W,1,2,CHSES,1,0.1,4,7,0.3241,AF
2018,ANT,W,1,2,CHSES,2,0.25,3,2,0.2315,AF
2018,ANT,W,1,2,CHSES,3,0.05,2,5,0.11575,AF
2018,ANT,W,1,2,CHSES,4,0.01,1,2,0.00926,AF
2018,ANT,W,1,2,MEMO,1,0.1,4,2,0.0926,AF
2018,ANT,W,1,2,PLJA,1,2,19,2,15.17,PG4
2018,ANT,W,1,2,PLJA,2,1,17,1,3.7925,PG4
2018,ANT,W,1,2,PLJA,3,0.5,12,3,5.68875,PG4
2018,ANT,W,1,2,ROAM,1,0.25,13,5,0.64525,PG4
2018,ANT,W,1,2,ROAM,2,0.1,9,5,0.2581,PG4
2018,ANT,W,1,2,ROAM,3,0.05,4,7,0.18067,PG4
2018,ANT,W,1,2,UKFO,1,0.1,10,1,0.0463,PF
2018,ANT,W,2,1,BOER,1,2.5,15,1,7.51075,PG4
2018,ANT,W,2,1,BOER,2,1,12,2,6.0086,PG4
2018,ANT,W,2,1,BOER,3,0.5,10,3,4.50645,PG4
2018,ANT,W,2,1,BOER,4,1,12,1,3.0043,PG4
2018,ANT,W,2,1,CHRE,1,1,10,4,1.852,AF
2018,ANT,W,2,1,CHRE,2,1.5,12,1,0.6945,AF
2018,ANT,W,2,1,CHRE,3,0.5,6,2,0.463,AF
2018,ANT,W,2,1,CHRE,4,0.1,4,2,0.0926,AF
2018,ANT,W,2,1,CHSES,1,1.5,5,9,6.2505,AF
2018,ANT,W,2,1,CHSES,2,1,4,3,1.389,AF
2018,ANT,W,2,1,CHSES,3,0.5,4,5,1.1575,AF
2018,ANT,W,2,1,CHSES,4,0.25,3,4,0.463,AF
2018,ANT,W,2,1,CHSES,5,0.1,2,3,0.1389,AF
2018,ANT,W,2,1,CHSES,6,0.05,1,5,0.11575,AF
2018,ANT,W,2,1,PLJA,1,3,20,2,22.755,PG4
2018,ANT,W,2,1,PLJA,2,2,21,2,15.17,PG4
2018,ANT,W,2,1,PLJA,3,1,18,2,7.585,PG4
2018,ANT,W,2,1,PLJA,4,0.5,12,3,5.68875,PG4
2018,ANT,W,2,1,PLJA,5,0.25,10,2,1.89625,PG4
2018,ANT,W,2,1,PLJA,5,0.1,10,3,1.13775,PG4
2018,ANT,W,2,2,BOER,1,6,23,1,18.0258,PG4
2018,ANT,W,2,2,BOER,2,4,22,1,12.0172,PG4
2018,ANT,W,2,2,BOER,3,3,19,1,9.0129,PG4
2018,ANT,W,2,2,BOER,4,2,17,1,6.0086,PG4
2018,ANT,W,2,2,BOER,5,1,12,2,6.0086,PG4
2018,ANT,W,2,2,BOER,6,0.05,7,2,0.30043,PG4
2018,ANT,W,2,2,CHRE,1,1,13,1,0.463,AF
2018,ANT,W,2,2,CHRE,2,0.5,10,3,0.6945,AF
2018,ANT,W,2,2,CHSES,1,1.5,5,1,0.6945,AF
2018,ANT,W,2,2,CHSES,2,1,4,5,2.315,AF
2018,ANT,W,2,2,CHSES,3,0.5,3,7,1.6205,AF
2018,ANT,W,2,2,CHSES,4,0.25,2,2,0.2315,AF
2018,ANT,W,2,2,CHSES,5,0.1,2,3,0.1389,AF
2018,ANT,W,2,2,CHSES,6,0.05,1,3,0.06945,AF
2018,ANT,W,2,2,PLJA,1,1,22,2,7.585,PG4
2018,ANT,W,2,2,PLJA,2,0.5,18,3,5.68875,PG4
2018,ANT,W,2,2,PLJA,3,0.1,10,4,1.517,PG4
2018,ANT,W,2,2,SATR,1,0.25,10,2,0.2581,AF
2018,ANT,W,5,1,BOER,1,6,23,1,18.0258,PG4
2018,ANT,W,5,1,BOER,2,5,19,1,15.0215,PG4
2018,ANT,W,5,1,BOER,3,2,16,2,12.0172,PG4
2018,ANT,W,5,1,BOER,4,1,14,2,6.0086,PG4
2018,ANT,W,5,1,CHRE,1,0.1,7,2,0.0926,AF
2018,ANT,W,5,1,CHSES,1,0.1,5,4,0.1852,AF
2018,ANT,W,5,1,MEMO,1,0.1,5,2,0.0926,AF
2018,ANT,W,5,1,PLJA,1,1.5,17,1,5.68875,PG4
2018,ANT,W,5,1,PLJA,2,1,18,3,11.3775,PG4
2018,ANT,W,5,1,PLJA,3,0.5,13,2,3.7925,PG4
2018,ANT,W,5,2,BOER,1,8,26,1,24.0344,PG4
2018,ANT,W,5,2,BOER,2,2,22,1,6.0086,PG4
2018,ANT,W,5,2,BOER,3,1,16,3,9.0129,PG4
2018,ANT,W,5,2,BOER,4,1.5,17,1,4.50645,PG4
2018,ANT,W,5,2,BOER,5,0.5,12,3,4.50645,PG4
2018,ANT,W,5,2,CHRE,1,0.1,5,1,0.0463,AF
2018,ANT,W,5,2,CHRE,2,0.05,3,2,0.0463,AF
2018,ANT,W,5,2,CHSES,1,0.05,1,2,0.0463,AF
2018,ANT,W,5,2,PLJA,1,2,23,2,15.17,PG4
2018,ANT,W,5,2,PLJA,2,1,20,1,3.7925,PG4
2018,ANT,W,5,2,PLJA,3,0.5,16,3,5.68875,PG4
2018,ANT,W,11,1,BOER,1,3,18,2,18.0258,PG4
2018,ANT,W,11,1,BOER,2,4,19,1,12.0172,PG4
2018,ANT,W,11,1,BOER,3,2,18,2,12.0172,PG4
2018,ANT,W,11,1,BOER,4,1,14,2,6.0086,PG4
2018,ANT,W,11,1,CHRE,1,0.25,5,1,0.11575,AF
2018,ANT,W,11,1,CHSES,1,0.1,4,1,0.0463,AF
2018,ANT,W,11,1,CHSES,2,0.25,4,1,0.11575,AF
2018,ANT,W,11,1,CHSES,3,0.05,1,2,0.0463,AF
2018,ANT,W,11,1,PLJA,1,1,22,3,11.3775,PG4
2018,ANT,W,11,1,PLJA,2,0.5,16,4,7.585,PG4
2018,ANT,W,11,1,SATR,1,0.1,5,1,0.05162,AF
2018,ANT,W,11,2,BOER,1,5,26,3,45.0645,PG4
2018,ANT,W,11,2,BOER,2,3,25,1,9.0129,PG4
2018,ANT,W,11,2,BOER,3,2,22,2,12.0172,PG4
2018,ANT,W,11,2,BOER,4,1,18,3,9.0129,PG4
2018,ANT,W,11,2,CHSES,1,0.1,3,1,0.0463,AF
2018,ANT,W,11,2,CHSES,2,0.05,1,2,0.0463,AF
2018,ANT,W,11,2,MEMO,1,0.1,9,4,0.1852,AF
2018,ANT,W,11,2,MEMO,2,0.05,6,2,0.0463,AF
2018,ANT,W,11,2,PLJA,1,0.5,23,1,1.89625,PG4
2018,ANT,W,11,2,PLJA,2,0.25,17,2,1.89625,PG4
2018,ARB,C,2,1,ACMI,1,0.25,8,2,0.52155,PF
2018,ARB,C,2,1,ACMI,2,0.1,5,10,1.0431,PF
2018,ARB,C,2,1,ACMI,3,0.05,3,16,0.83448,PF
2018,ARB,C,2,1,ANRO,1,1,2,2,4.2564,PF
2018,ARB,C,2,1,ANRO,2,0.5,1,3,3.1923,PF
2018,ARB,C,2,1,ANRO,3,0.1,1,3,0.63846,PF
2018,ARB,C,2,1,ARCA,1,0.1,12,5,0.85665,PF
2018,ARB,C,2,1,ARCA,2,0.05,4,6,0.51399,PF
2018,ARB,C,2,1,ARCA,3,0.01,2,2,0.034266,PF
2018,ARB,C,2,1,ASHU,1,0.5,5,2,0.09,PF
2018,ARB,C,2,1,ASHU,2,0.1,3,4,0.036,PF
2018,ARB,C,2,1,ASHU,3,0.75,5,1,0.0675,PF
2018,ARB,C,2,1,CASP,1,0.1,4,1,0.052,PF
2018,ARB,C,2,1,COAR,1,0.1,6,1,0.052,AF
2018,ARB,C,2,1,COAR,2,0.05,4,2,0.052,AF
2018,ARB,C,2,1,ELEL,1,1,17,2,3.0248,PG3
2018,ARB,C,2,1,ELEL,2,0.5,14,4,3.0248,PG3
2018,ARB,C,2,1,ELEL,3,0.1,10,6,0.90744,PG3
2018,ARB,C,2,1,FEAR,1,4,27,1,10.434,PG3
2018,ARB,C,2,1,FEAR,2,3,24,1,7.8255,PG3
2018,ARB,C,2,1,FEAR,3,2,23,1,5.217,PG3
2018,ARB,C,2,1,FEAR,4,1,19,1,2.6085,PG3
2018,ARB,C,2,1,FEAR,5,0.5,15,2,2.6085,PG3
2018,ARB,C,2,1,LILE,1,0.05,4,1,0.074205,PF
2018,ARB,C,2,1,LILE,2,0.01,2,2,0.029682,PF
2018,ARB,C,2,1,MUMO,1,1,19,5,19.452,PG4
2018,ARB,C,2,1,MUMO,2,0.5,17,11,21.3972,PG4
2018,ARB,C,2,1,MUMO,3,0.1,15,8,3.11232,PG4
2018,ARB,C,2,1,MURI,1,0.5,21,1,4.18865,PG4
2018,ARB,C,2,1,MURI,2,0.25,18,3,6.282975,PG4
2018,ARB,C,2,1,MURI,3,0.1,14,2,1.67546,PG4
2018,ARB,C,2,1,POHI,1,1.5,7,2,3.4971,PF
2018,ARB,C,2,1,POHI,2,1,7,4,4.6628,PF
2018,ARB,C,2,1,POHI,3,0.5,6,3,1.74855,PF
2018,ARB,C,2,1,POHI,4,0.1,4,2,0.23314,PF
2018,ARB,C,2,1,PSMO,1,0.5,18,3,1.3107,PF
2018,ARB,C,2,1,PSMO,2,0.25,12,2,0.4369,PF
2018,ARB,C,2,2,ACMI,1,0.25,7,3,0.782325,PF
2018,ARB,C,2,2,ACMI,2,0.1,6,19,1.98189,PF
2018,ARB,C,2,2,ACMI,3,0.5,10,1,0.52155,PF
2018,ARB,C,2,2,ACMI,4,0.05,4,17,0.886635,PF
2018,ARB,C,2,2,ALGE,1,0.05,8,2,0.17933,PF
2018,ARB,C,2,2,ANRO,1,3,2,1,6.3846,PF
2018,ARB,C,2,2,ANRO,2,1,2,6,12.7692,PF
2018,ARB,C,2,2,ANRO,3,0.5,1,11,11.7051,PF
2018,ARB,C,2,2,ANRO,4,0.25,1,9,4.78845,PF
2018,ARB,C,2,2,ANRO,5,0.1,1,6,1.27692,PF
2018,ARB,C,2,2,ARCA,1,0.1,14,2,0.34266,PF
2018,ARB,C,2,2,ARCA,2,0.05,7,9,0.770985,PF
2018,ARB,C,2,2,ARFE,1,1,5,1,1.2824,PF
2018,ARB,C,2,2,ASHU,1,0.25,5,3,0.0675,PF
2018,ARB,C,2,2,ASHU,2,0.1,3,2,0.018,PF
2018,ARB,C,2,2,BLTR,1,1,23,1,2.2953,PG4
2018,ARB,C,2,2,BLTR,2,0.5,16,2,2.2953,PG4
2018,ARB,C,2,2,BLTR,3,0.1,12,4,0.91812,PG4
2018,ARB,C,2,2,BOGR,1,0.25,17,1,0.592725,PG4
2018,ARB,C,2,2,BOGR,2,0.25,12,1,0.47418,PG4
2018,ARB,C,2,2,CASP,1,0.1,4,1,0.052,PF
2018,ARB,C,2,2,CASP,2,0.05,2,1,0.026,PF
2018,ARB,C,2,2,FEAR,1,2,28,1,5.217,PG3
2018,ARB,C,2,2,FEAR,2,1,23,4,10.434,PG3
2018,ARB,C,2,2,FEAR,3,0.5,16,5,6.52125,PG3
2018,ARB,C,2,2,FEAR,4,0.25,14,3,1.956375,PG3
2018,ARB,C,2,2,FEAR,5,0.1,12,2,0.5217,PG3
2018,ARB,C,2,2,LILE,1,0.05,8,2,0.14841,PF
2018,ARB,C,2,2,MUMO,1,1,22,4,15.5616,PG4
2018,ARB,C,2,2,MUMO,2,0.5,19,2,3.8904,PG4
2018,ARB,C,2,2,MUMO,3,1.5,20,1,5.8356,PG4
2018,ARB,C,2,2,MUMO,4,0.1,15,2,0.77808,PG4
2018,ARB,C,2,2,MURI,1,0.5,22,3,12.56595,PG4
2018,ARB,C,2,2,MURI,2,0.1,18,3,2.51319,PG4
2018,ARB,C,2,2,POHI,1,1,9,2,2.3314,PF
2018,ARB,C,2,2,POHI,2,1.5,10,1,1.74855,PF
2018,ARB,C,2,2,POHI,3,0.5,6,5,2.91425,PF
2018,ARB,C,2,2,POHI,4,0.1,4,10,1.1657,PF
2018,ARB,C,2,2,PSMO,1,0.25,12,1,0.21845,PF
2018,ARB,C,2,2,PSMO,2,0.1,9,3,0.26214,PF
2018,ARB,C,5,1,ACMI,1,0.25,10,1,0.260775,PF
2018,ARB,C,5,1,ACMI,2,0.1,8,6,0.62586,PF
2018,ARB,C,5,1,ACMI,3,0.05,6,10,0.52155,PF
2018,ARB,C,5,1,ARCA,1,0.1,12,4,0.68532,PF
2018,ARB,C,5,1,ARCA,2,0.05,8,7,0.599655,PF
2018,ARB,C,5,1,ARCA,3,0.25,13,1,0.428325,PF
2018,ARB,C,5,1,ARFE,1,0.1,5,2,0.25648,PF
2018,ARB,C,5,1,ASHU,1,0.01,2,1,0.0009,PF
2018,ARB,C,5,1,BLTR,1,1,24,3,6.8859,PG4
2018,ARB,C,5,1,BLTR,2,0.5,16,2,2.2953,PG4
2018,ARB,C,5,1,BLTR,3,0.25,12,3,1.721475,PG4
2018,ARB,C,5,1,ELEL,1,0.5,19,4,3.0248,PG3
2018,ARB,C,5,1,ELEL,2,0.25,16,4,1.5124,PG3
2018,ARB,C,5,1,ERFL,1,0.05,3,1,0.06748,AF
2018,ARB,C,5,1,ERFL,2,0.01,1,4,0.053984,AF
2018,ARB,C,5,1,FEAR,1,4,31,2,20.868,PG3
2018,ARB,C,5,1,FEAR,2,3,29,2,15.651,PG3
2018,ARB,C,5,1,FEAR,3,2,28,2,10.434,PG3
2018,ARB,C,5,1,FEAR,4,1,26,3,7.8255,PG3
2018,ARB,C,5,1,FEAR,5,0.5,25,3,3.91275,PG3
2018,ARB,C,5,1,MUMO,1,0.5,22,3,5.8356,PG4
2018,ARB,C,5,1,MUMO,2,0.25,18,6,5.8356,PG4
2018,ARB,C,5,1,MUMO,3,0.1,12,3,1.16712,PG4
2018,ARB,C,5,1,POHI,1,1.5,10,2,3.4971,PF
2018,ARB,C,5,1,POHI,2,1,7,4,4.6628,PF
2018,ARB,C,5,1,POHI,3,0.5,5,4,2.3314,PF
2018,ARB,C,5,1,POHI,4,0.25,5,2,0.58285,PF
2018,ARB,C,5,1,POHI,5,0.05,3,5,0.291425,PF
2018,ARB,C,5,1,PSMO,1,0.05,5,1,0.04369,PF
2018,ARB,C,5,2,ACMI,1,0.25,11,1,0.260775,PF
2018,ARB,C,5,2,ACMI,2,0.1,8,7,0.73017,PF
2018,ARB,C,5,2,ACMI,3,0.05,6,14,0.73017,PF
2018,ARB,C,5,2,ANRO,1,0.05,2,1,0.10641,PF
2018,ARB,C,5,2,ARCA,1,0.1,9,3,0.51399,PF
2018,ARB,C,5,2,ARCA,2,0.05,5,4,0.34266,PF
2018,ARB,C,5,2,ARFE,1,0.1,4,1,0.12824,PF
2018,ARB,C,5,2,BLTR,1,1,1,1,2.2953,PG4
2018,ARB,C,5,2,CASP,1,0.25,5,1,0.13,PF
2018,ARB,C,5,2,ELEL,1,1,19,1,1.5124,PG3
2018,ARB,C,5,2,ELEL,2,0.5,16,2,1.5124,PG3
2018,ARB,C,5,2,ELEL,3,0.25,14,4,1.5124,PG3
2018,ARB,C,5,2,ELEL,4,0.1,12,5,0.7562,PG3
2018,ARB,C,5,2,FEAR,1,2,27,5,26.085,PG3
2018,ARB,C,5,2,FEAR,2,1,24,5,13.0425,PG3
2018,ARB,C,5,2,FEAR,3,0.5,20,6,7.8255,PG3
2018,ARB,C,5,2,MUMO,1,1,23,1,3.8904,PG4
2018,ARB,C,5,2,MUMO,2,0.5,20,4,7.7808,PG4
2018,ARB,C,5,2,MUMO,3,0.25,18,5,4.863,PG4
2018,ARB,C,5,2,MUMO,4,0.1,14,3,1.16712,PG4
2018,ARB,C,5,2,POHI,1,1.5,7,2,3.4971,PF
2018,ARB,C,5,2,POHI,2,1,6,4,4.6628,PF
2018,ARB,C,5,2,POHI,3,0.5,4,7,4.07995,PF
2018,ARB,C,5,2,POHI,4,0.25,4,3,0.874275,PF
2018,ARB,C,6,1,ACMI,1,0.1,9,5,0.52155,PF
2018,ARB,C,6,1,ACMI,2,0.05,5,11,0.573705,PF
2018,ARB,C,6,1,ANRO,1,1,2,1,2.1282,PF
2018,ARB,C,6,1,ANRO,2,0.5,1,2,2.1282,PF
2018,ARB,C,6,1,ANRO,3,0.25,1,4,2.1282,PF
2018,ARB,C,6,1,ARCA,1,0.1,10,10,1.7133,PF
2018,ARB,C,6,1,ARCA,2,0.05,6,6,0.51399,PF
2018,ARB,C,6,1,ASHU,1,0.05,2,3,0.0135,PF
2018,ARB,C,6,1,BLTR,1,0.25,14,1,0.573825,PG4
2018,ARB,C,6,1,BOGR,1,0.25,17,1,0.592725,PG4
2018,ARB,C,6,1,BOGR,2,0.1,12,4,0.94836,PG4
2018,ARB,C,6,1,ELEL,1,1,22,1,1.5124,PG3
2018,ARB,C,6,1,ELEL,2,0.5,20,3,2.2686,PG3
2018,ARB,C,6,1,ELEL,3,0.25,14,2,0.7562,PG3
2018,ARB,C,6,1,ERRA,1,0.1,4,1,0.13488,PF
2018,ARB,C,6,1,FEAR,1,4,28,1,10.434,PG3
2018,ARB,C,6,1,FEAR,2,2,26,2,10.434,PG3
2018,ARB,C,6,1,FEAR,3,1,21,4,10.434,PG3
2018,ARB,C,6,1,MUMO,1,1,21,1,3.8904,PG4
2018,ARB,C,6,1,MUMO,2,0.5,18,5,9.726,PG4
2018,ARB,C,6,1,MUMO,3,0.25,14,6,5.8356,PG4
2018,ARB,C,6,1,MURI,1,0.25,18,2,4.18865,PG4
2018,ARB,C,6,1,POHI,1,1,8,2,2.3314,PF
2018,ARB,C,6,1,POHI,2,0.5,7,3,1.74855,PF
2018,ARB,C,6,1,POHI,3,0.25,6,3,0.874275,PF
2018,ARB,C,6,2,ACMI,1,0.25,11,5,1.303875,PF
2018,ARB,C,6,2,ACMI,2,0.1,9,19,1.98189,PF
2018,ARB,C,6,2,ACMI,3,0.05,6,21,1.095255,PF
2018,ARB,C,6,2,ANRO,1,0.1,1,5,1.0641,PF
2018,ARB,C,6,2,ANRO,2,0.05,1,9,0.95769,PF
2018,ARB,C,6,2,ARCA,1,0.25,17,3,1.284975,PF
2018,ARB,C,6,2,ARCA,2,0.1,12,10,1.7133,PF
2018,ARB,C,6,2,ASHU,1,0.05,3,1,0.0045,PF
2018,ARB,C,6,2,ASHU,2,0.1,5,2,0.018,PF
2018,ARB,C,6,2,BLTR,1,1,19,3,6.8859,PG4
2018,ARB,C,6,2,BLTR,2,0.5,16,11,12.62415,PG4
2018,ARB,C,6,2,BLTR,3,0.25,14,12,6.8859,PG4
2018,ARB,C,6,2,BOGR,1,0.5,15,1,1.18545,PG4
2018,ARB,C,6,2,BOGR,2,0.25,10,5,2.963625,PG4
2018,ARB,C,6,2,ELEL,1,0.5,19,4,3.0248,PG3
2018,ARB,C,6,2,ELEL,2,1,16,1,1.5124,PG3
2018,ARB,C,6,2,FEAR,1,4,25,1,10.434,PG3
2018,ARB,C,6,2,FEAR,2,2,23,4,20.868,PG3
2018,ARB,C,6,2,FEAR,3,1,20,2,5.217,PG3
2018,ARB,C,6,2,POHI,1,0.5,6,3,1.74855,PF
2018,ARB,C,6,2,POHI,2,0.75,8,1,0.874275,PF
2018,ARB,C,6,2,POHI,3,0.25,5,2,0.58285,PF
2018,ARB,C,11,1,ACMI,1,0.25,9,6,1.56465,PF
2018,ARB,C,11,1,ACMI,2,0.1,8,14,1.46034,PF
2018,ARB,C,11,1,ACMI,3,0.05,4,21,1.095255,PF
2018,ARB,C,11,1,ANRO,1,0.25,2,2,1.0641,PF
2018,ARB,C,11,1,ARCA,1,0.25,14,3,1.284975,PF
2018,ARB,C,11,1,ARCA,2,0.1,9,12,2.05596,PF
2018,ARB,C,11,1,ARCA,3,0.5,17,1,0.85665,PF
2018,ARB,C,11,1,ARFE,1,0.25,4,1,0.3206,PF
2018,ARB,C,11,1,FEAR,1,4,35,1,10.434,PG3
2018,ARB,C,11,1,FEAR,2,2,21,3,15.651,PG3
2018,ARB,C,11,1,FEAR,3,1,29,3,7.8255,PG3
2018,ARB,C,11,1,FEAR,4,0.5,26,1,1.30425,PG3
2018,ARB,C,11,1,LILE,1,0.05,5,5,0.371025,PF
2018,ARB,C,11,1,MUMO,1,0.75,21,1,2.9178,PG4
2018,ARB,C,11,1,MUMO,2,0.25,14,2,1.9452,PG4
2018,ARB,C,11,1,MUMO,3,0.1,14,5,1.9452,PG4
2018,ARB,C,11,1,MURI,1,0.5,18,4,16.7546,PG4
2018,ARB,C,11,1,MURI,2,0.25,21,4,8.3773,PG4
2018,ARB,C,11,1,MURI,3,0.1,9,6,5.02638,PG4
2018,ARB,C,11,1,POHI,1,1,6,3,3.4971,PF
2018,ARB,C,11,1,POHI,2,1.5,9,2,3.4971,PF
2018,ARB,C,11,1,POHI,3,0.5,6,8,4.6628,PF
2018,ARB,C,11,1,POHI,4,0.1,4,4,0.46628,PF
2018,ARB,C,11,2,ACMI,1,0.25,10,1,0.260775,PF
2018,ARB,C,11,2,ACMI,2,0.1,8,9,0.93879,PF
2018,ARB,C,11,2,ACMI,3,0.05,7,8,0.41724,PF
2018,ARB,C,11,2,ARCA,1,0.25,16,1,0.428325,PF
2018,ARB,C,11,2,ARCA,2,0.1,12,2,0.34266,PF
2018,ARB,C,11,2,ARCA,3,0.1,9,3,0.51399,PF
2018,ARB,C,11,2,BLTR,1,1,16,1,2.2953,PG4
2018,ARB,C,11,2,BLTR,2,0.5,14,2,2.2953,PG4
2018,ARB,C,11,2,FEAR,1,3,38,3,23.4765,PG3
2018,ARB,C,11,2,FEAR,2,2,34,2,10.434,PG3
2018,ARB,C,11,2,FEAR,3,1,27,2,5.217,PG3
2018,ARB,C,11,2,LILE,1,0.25,14,1,0.371025,PF
2018,ARB,C,11,2,MUMO,1,1,16,2,7.7808,PG4
2018,ARB,C,11,2,MUMO,2,2,20,2,15.5616,PG4
2018,ARB,C,11,2,MUMO,3,3,24,1,11.6712,PG4
2018,ARB,C,11,2,MURI,1,2,25,1,16.7546,PG4
2018,ARB,C,11,2,MURI,2,1,25,3,25.1319,PG4
2018,ARB,C,11,2,POHI,1,1.5,9,1,1.74855,PF
2018,ARB,C,11,2,POHI,2,1,7,2,2.3314,PF
2018,ARB,C,11,2,POHI,3,0.5,6,7,4.07995,PF
2018,ARB,C,11,2,TRDU,1,1.5,26,1,1.3107,AF
2018,ARB,C,11,2,UKFO,1,0.75,22,1,0.65535,PF
2018,ARB,D,1,1,ACMI,1,0.5,9,1,0.52155,PF
2018,ARB,D,1,1,ACMI,2,0.1,6,5,0.52155,PF
2018,ARB,D,1,1,ACMI,3,0.05,3,6,0.31293,PF
2018,ARB,D,1,1,ANRO,1,1,2,2,4.2564,PF
2018,ARB,D,1,1,ANRO,2,0.5,1,4,4.2564,PF
2018,ARB,D,1,1,ANRO,3,0.1,1,5,1.0641,PF
2018,ARB,D,1,1,ARCA,1,0.25,11,1,0.428325,PF
2018,ARB,D,1,1,ARFE,1,0.75,6,1,0.9618,PF
2018,ARB,D,1,1,ASHU,1,0.05,2,1,0.0045,PF
2018,ARB,D,1,1,BOGR,1,0.75,19,2,3.55635,PG4
2018,ARB,D,1,1,BOGR,2,0.5,16,3,3.55635,PG4
2018,ARB,D,1,1,BOGR,3,0.25,14,4,2.3709,PG4
2018,ARB,D,1,1,COAR,1,0.75,7,1,0.39,AF
2018,ARB,D,1,1,COAR,2,0.25,5,4,0.52,AF
2018,ARB,D,1,1,FEAR,1,0.5,17,2,2.6085,PG3
2018,ARB,D,1,1,FEAR,2,0.25,13,2,1.30425,PG3
2018,ARB,D,1,1,FEAR,3,0.1,8,5,1.30425,PG3
2018,ARB,D,1,1,MUMO,1,0.25,14,2,1.9452,PG4
2018,ARB,D,1,1,MUMO,2,0.1,12,1,0.38904,PG4
2018,ARB,D,1,1,MURI,1,0.5,19,2,8.3773,PG4
2018,ARB,D,1,1,MURI,2,0.25,16,2,4.18865,PG4
2018,ARB,D,1,1,POHI,1,2.5,9,1,2.91425,PF
2018,ARB,D,1,1,POHI,2,1,5,3,3.4971,PF
2018,ARB,D,1,1,POHI,3,1.5,6,2,3.4971,PF
2018,ARB,D,1,1,POHI,4,0.5,3,3,1.74855,PF
2018,ARB,D,1,1,POHI,5,0.1,2,2,0.23314,PF
2018,ARB,D,1,1,POHI,6,0.05,2,1,0.058285,PF
2018,ARB,D,1,1,PSMO,1,0.25,6,1,0.21845,PF
2018,ARB,D,1,2,ACMI,1,0.25,8,7,1.825425,PF
2018,ARB,D,1,2,ACMI,2,0.1,6,5,0.52155,PF
2018,ARB,D,1,2,ACMI,3,0.05,4,7,0.365085,PF
2018,ARB,D,1,2,ANRO,1,1,2,1,2.1282,PF
2018,ARB,D,1,2,ANRO,2,0.5,2,2,2.1282,PF
2018,ARB,D,1,2,ANRO,3,0.1,1,4,0.85128,PF
2018,ARB,D,1,2,ARCA,1,0.1,16,3,0.51399,PF
2018,ARB,D,1,2,ARCA,2,0.05,10,2,0.17133,PF
2018,ARB,D,1,2,ARFE,1,0.1,4,1,0.12824,PF
2018,ARB,D,1,2,ARFE,2,0.05,3,1,0.06412,PF
2018,ARB,D,1,2,ASHU,1,0.05,2,9,0.0405,PF
2018,ARB,D,1,2,ASHU,2,0.1,4,5,0.045,PF
2018,ARB,D,1,2,BLTR,1,0.5,15,1,1.14765,PG4
2018,ARB,D,1,2,FEAR,1,0.75,22,2,3.91275,PG3
2018,ARB,D,1,2,FEAR,2,0.5,18,4,5.217,PG3
2018,ARB,D,1,2,FEAR,3,0.25,16,3,1.956375,PG3
2018,ARB,D,1,2,FEAR,4,0.1,13,4,1.0434,PG3
2018,ARB,D,1,2,MUMO,1,0.5,20,2,3.8904,PG4
2018,ARB,D,1,2,MUMO,2,0.25,18,5,4.863,PG4
2018,ARB,D,1,2,MUMO,3,0.1,15,5,1.9452,PG4
2018,ARB,D,1,2,MURI,1,0.5,20,1,4.18865,PG4
2018,ARB,D,1,2,POHI,1,1.5,9,3,5.24565,PF
2018,ARB,D,1,2,POHI,2,1,8,3,3.4971,PF
2018,ARB,D,1,2,POHI,3,0.5,6,3,1.74855,PF
2018,ARB,D,1,2,POHI,4,0.1,5,2,0.23314,PF
2018,ARB,D,4,2,ACMI,1,0.25,9,4,1.0431,PF
2018,ARB,D,4,2,ACMI,2,0.1,8,9,0.93879,PF
2018,ARB,D,4,2,ACMI,3,0.05,4,10,0.52155,PF
2018,ARB,D,4,2,ANRO,1,0.25,1,6,3.1923,PF
2018,ARB,D,4,2,ANRO,2,0.1,1,9,1.91538,PF
2018,ARB,D,4,2,ASHU,1,0.25,5,3,0.0945,PF
2018,ARB,D,4,2,ASHU,2,0.1,3,4,0.036,PF
2018,ARB,D,4,2,BLTR,1,0.25,16,1,0.573825,PG4
2018,ARB,D,4,2,BLTR,2,0.1,12,2,0.45906,PG4
2018,ARB,D,4,2,BOGR,1,0.25,15,2,1.18545,PG4
2018,ARB,D,4,2,BOGR,2,0.1,10,1,0.23709,PG4
2018,ARB,D,4,2,ERRA,1,0.5,4,6,4.0464,PF
2018,ARB,D,4,2,ERRA,2,0.25,3,3,1.0116,PF
2018,ARB,D,4,2,ERRA,3,0.1,2,2,0.26976,PF
2018,ARB,D,4,2,FEAR,1,0.5,21,4,5.217,PG3
2018,ARB,D,4,2,FEAR,2,0.25,14,8,5.217,PG3
2018,ARB,D,4,2,MUMO,1,0.25,17,9,8.7534,PG4
2018,ARB,D,4,2,MUMO,2,0.1,12,5,1.9452,PG4
2018,ARB,D,4,2,MURI,1,0.5,20,3,12.56595,PG4
2018,ARB,D,4,2,MURI,2,0.25,16,1,2.094325,PG4
2018,ARB,D,4,2,POHI,1,1.5,7,1,1.74855,PF
2018,ARB,D,4,2,POHI,2,1,6,2,2.3314,PF
2018,ARB,D,4,2,POHI,3,0.5,5,2,1.1657,PF
2018,ARB,D,4,2,POHI,4,0.1,4,3,0.34971,PF
2018,ARB,D,7,1,ACMI,1,0.1,8,2,0.20862,PF
2018,ARB,D,7,1,ACMI,2,0.05,6,4,0.20862,PF
2018,ARB,D,7,1,ANRO,1,0.25,1,3,1.59615,PF
2018,ARB,D,7,1,ANRO,2,0.5,1,1,1.0641,PF
2018,ARB,D,7,1,ANRO,3,0.1,1,4,0.85128,PF
2018,ARB,D,7,1,ARCA,1,0.25,10,6,2.56995,PF
2018,ARB,D,7,1,ARCA,2,0.1,8,7,1.19931,PF
2018,ARB,D,7,1,ARFE,1,0.5,4,1,0.6412,PF
2018,ARB,D,7,1,ASHU,1,0.05,3,1,0.0045,PF
2018,ARB,D,7,1,BLTR,1,0.5,14,2,2.2953,PG4
2018,ARB,D,7,1,BLTR,2,0.25,12,3,1.721475,PG4
2018,ARB,D,7,1,ELEL,1,0.5,15,1,0.7562,PG3
2018,ARB,D,7,1,ELEL,2,0.1,10,2,0.30248,PG3
2018,ARB,D,7,1,FEAR,1,2,23,3,15.651,PG3
2018,ARB,D,7,1,FEAR,2,1,19,6,15.651,PG3
2018,ARB,D,7,1,FEAR,3,0.5,16,4,5.217,PG3
2018,ARB,D,7,1,LILE,1,0.05,4,2,0.14841,PF
2018,ARB,D,7,1,MUMO,1,0.25,16,4,3.8904,PG4
2018,ARB,D,7,1,MUMO,2,0.1,12,6,2.33424,PG4
2018,ARB,D,7,1,MURI,1,0.25,14,2,4.18865,PG4
2018,ARB,D,7,1,POHI,1,0.25,6,1,0.291425,PF
2018,ARB,D,7,2,ACMI,1,0.05,5,4,0.20862,PF
2018,ARB,D,7,2,ARFE,1,0.25,3,1,0.3206,PF
2018,ARB,D,7,2,ASHU,1,0.05,3,4,0.018,PF
2018,ARB,D,7,2,BLTR,1,0.5,16,2,2.2953,PG4
2018,ARB,D,7,2,BLTR,2,0.25,12,3,1.721475,PG4
2018,ARB,D,7,2,ERRA,1,0.25,4,1,0.3372,PF
2018,ARB,D,7,2,FEAR,1,1,21,3,7.8255,PG3
2018,ARB,D,7,2,FEAR,2,1.5,23,1,3.91275,PG3
2018,ARB,D,7,2,FEAR,3,0.5,16,3,3.91275,PG3
2018,ARB,D,7,2,FEAR,4,0.25,14,2,1.30425,PG3
2018,ARB,D,7,2,MUMO,1,0.25,14,6,5.8356,PG4
2018,ARB,D,7,2,MUMO,2,0.1,12,7,2.72328,PG4
2018,ARB,D,7,2,MURI,1,0.25,18,2,4.18865,PG4
2018,ARB,D,7,2,MURI,2,0.1,13,2,1.67546,PG4
2018,ARB,D,7,2,POHI,1,0.75,7,2,1.74855,PF
2018,ARB,D,7,2,POHI,2,0.5,5,1,0.58285,PF
2018,ARB,D,7,2,PSMO,1,0.1,NA,2,0.17476,PF
2018,ARB,D,10,1,ACMI,1,0.05,4,4,0.20862,PF
2018,ARB,D,10,1,ACMI,2,0.1,6,3,0.31293,PF
2018,ARB,D,10,1,ARCA,1,0.25,8,7,2.998275,PF
2018,ARB,D,10,1,ARCA,2,0.5,9,5,4.28325,PF
2018,ARB,D,10,1,ARCA,3,0.1,9,12,2.05596,PF
2018,ARB,D,10,1,ARCA,4,0.05,6,9,0.770985,PF
2018,ARB,D,10,1,ARFE,1,0.1,4,2,0.25648,PF
2018,ARB,D,10,1,ARFE,2,0.5,5,1,0.6412,PF
2018,ARB,D,10,1,BOGR,1,0.25,13,5,2.963625,PG4
2018,ARB,D,10,1,BOGR,2,0.1,8,3,0.71127,PG4
2018,ARB,D,10,1,BOGR,3,0.05,5,4,0.47418,PG4
2018,ARB,D,10,1,ELEL,1,0.25,15,2,0.7562,PG3
2018,ARB,D,10,1,ELEL,2,0.1,7,2,0.30248,PG3
2018,ARB,D,10,1,ERRA,1,1,5,1,1.3488,PF
2018,ARB,D,10,1,ERRA,2,0.5,4,1,0.6744,PF
2018,ARB,D,10,1,ERRA,3,0.25,4,1,0.3372,PF
2018,ARB,D,10,1,FEAR,1,1,20,4,10.434,PG3
2018,ARB,D,10,1,FEAR,2,0.5,18,6,7.8255,PG3
2018,ARB,D,10,1,FEAR,3,0.25,14,7,4.564875,PG3
2018,ARB,D,10,1,MURI,1,0.1,19,2,1.67546,PG4
2018,ARB,D,10,1,MURI,2,1.25,12,1,10.471625,PG4
2018,ARB,D,10,1,POHI,1,1,6,1,1.1657,PF
2018,ARB,D,10,1,POHI,2,1.5,9,1,1.74855,PF
2018,ARB,D,10,1,POHI,3,0.5,6,2,1.1657,PF
2018,ARB,D,10,1,POHI,4,0.1,4,3,0.34971,PF
2018,ARB,D,10,2,ACMI,1,0.25,5,1,0.260775,PF
2018,ARB,D,10,2,ACMI,2,0.1,4,2,0.20862,PF
2018,ARB,D,10,2,ACMI,3,0.05,4,3,0.156465,PF
2018,ARB,D,10,2,ARFE,1,0.25,4,1,0.3206,PF
2018,ARB,D,10,2,ARFE,2,0.05,2,1,0.06412,PF
2018,ARB,D,10,2,ASHU,1,0.1,3,1,0.009,PF
2018,ARB,D,10,2,BLTR,1,0.5,11,2,2.2953,PG4
2018,ARB,D,10,2,BLTR,2,0.25,6,4,2.2953,PG4
2018,ARB,D,10,2,BOGR,1,0.5,12,2,2.3709,PG4
2018,ARB,D,10,2,BOGR,2,0.25,9,6,3.55635,PG4
2018,ARB,D,10,2,BOGR,3,0.1,8,13,3.08217,PG4
2018,ARB,D,10,2,ELEL,1,0.25,13,1,0.3781,PG3
2018,ARB,D,10,2,ERRA,1,0.05,3,1,0.06744,PF
2018,ARB,D,10,2,ERRA,2,0.25,5,1,0.3372,PF
2018,ARB,D,10,2,FEAR,1,2,27,2,10.434,PG3
2018,ARB,D,10,2,FEAR,2,1,19,6,15.651,PG3
2018,ARB,D,10,2,FEAR,3,0.5,16,3,3.91275,PG3
2018,ARB,D,10,2,POHI,1,0.1,4,5,0.58285,PF
2018,ARB,D,10,2,POHI,2,0.25,6,2,0.58285,PF
2018,ARB,D,10,2,POHI,3,0.5,10,1,0.58285,PF
2018,ARB,W,3,1,ACMI,1,0.5,9,4,2.0862,PF
2018,ARB,W,3,1,ACMI,2,0.25,7,14,3.65085,PF
2018,ARB,W,3,1,ACMI,3,0.1,6,20,2.0862,PF
2018,ARB,W,3,1,ACMI,4,0.05,4,7,0.365085,PF
2018,ARB,W,3,1,ARCA,1,0.1,12,1,0.17133,PF
2018,ARB,W,3,1,ARCA,2,0.05,7,2,0.17133,PF
2018,ARB,W,3,1,ASHU,1,0.1,4,2,0.018,PF
2018,ARB,W,3,1,ASHU,2,0.05,2,4,0.018,PF
2018,ARB,W,3,1,BLTR,1,2,25,2,9.1812,PG4
2018,ARB,W,3,1,BLTR,2,1.5,24,1,3.44295,PG4
2018,ARB,W,3,1,BLTR,3,1,21,5,11.4765,PG4
2018,ARB,W,3,1,BLTR,4,0.5,16,4,4.5906,PG4
2018,ARB,W,3,1,BOGR,1,0.25,20,1,0.592725,PG4
2018,ARB,W,3,1,CIWH,1,0.75,7,2,0.51435,PF
2018,ARB,W,3,1,CIWH,2,0.5,6,1,0.17145,PF
2018,ARB,W,3,1,CIWH,3,0.25,5,1,0.085725,PF
2018,ARB,W,3,1,ERFL,1,0.1,3,12,1.61952,AF
2018,ARB,W,3,1,ERFL,2,0.05,2,39,2.63172,AF
2018,ARB,W,3,1,FEAR,1,2,32,2,10.434,PG3
2018,ARB,W,3,1,FEAR,2,1,27,2,5.217,PG3
2018,ARB,W,3,1,FEAR,3,1.5,28,1,3.91275,PG3
2018,ARB,W,3,1,MUMO,1,0.5,23,4,7.7808,PG4
2018,ARB,W,3,1,MUMO,2,0.25,18,4,3.8904,PG4
2018,ARB,W,3,1,MURI,1,1,25,1,8.3773,PG4
2018,ARB,W,3,1,MURI,2,0.5,21,3,12.56595,PG4
2018,ARB,W,3,1,POHI,1,1,7,1,1.1657,PF
2018,ARB,W,3,1,POHI,2,0.5,5,4,2.3314,PF
2018,ARB,W,3,1,POHI,3,0.25,3,2,0.58285,PF
2018,ARB,W,3,2,ACMI,1,0.25,9,2,0.52155,PF
2018,ARB,W,3,2,ACMI,2,0.1,5,11,1.14741,PF
2018,ARB,W,3,2,ACMI,3,0.05,3,14,0.73017,PF
2018,ARB,W,3,2,ANRO,1,1,2,3,6.3846,PF
2018,ARB,W,3,2,ANRO,2,0.5,1,4,4.2564,PF
2018,ARB,W,3,2,ANRO,3,0.25,1,7,3.72435,PF
2018,ARB,W,3,2,ANRO,4,0.1,1,8,1.70256,PF
2018,ARB,W,3,2,ARFE,1,0.1,3,1,0.12824,PF
2018,ARB,W,3,2,ASHU,1,0.25,4,3,0.0675,PF
2018,ARB,W,3,2,ASHU,2,0.5,6,1,0.045,PF
2018,ARB,W,3,2,ASHU,3,0.1,2,5,0.045,PF
2018,ARB,W,3,2,BLTR,1,1,17,3,6.8859,PG4
2018,ARB,W,3,2,BLTR,2,0.5,14,5,5.73825,PG4
2018,ARB,W,3,2,BLTR,3,0.25,9,4,2.2953,PG4
2018,ARB,W,3,2,ELEL,1,0.5,21,1,0.7562,PG3
2018,ARB,W,3,2,ELEL,2,0.1,16,1,0.15124,PG3
2018,ARB,W,3,2,ERFL,1,0.01,1,7,0.094472,AF
2018,ARB,W,3,2,FEAR,1,4,29,2,20.868,PG3
2018,ARB,W,3,2,FEAR,2,2,25,1,5.217,PG3
2018,ARB,W,3,2,FEAR,3,1,22,2,5.217,PG3
2018,ARB,W,3,2,LILE,1,0.01,2,1,0.014841,PF
2018,ARB,W,3,2,MUMO,1,1,18,2,7.7808,PG4
2018,ARB,W,3,2,MUMO,2,0.5,16,5,9.726,PG4
2018,ARB,W,3,2,MUMO,3,0.25,14,6,5.8356,PG4
2018,ARB,W,3,2,MUMO,4,0.1,10,8,3.11232,PG4
2018,ARB,W,3,2,POHI,1,1,6,2,2.3314,PF
2018,ARB,W,3,2,POHI,2,0.5,5,6,3.4971,PF
2018,ARB,W,3,2,POHI,3,0.25,4,3,0.874275,PF
2018,ARB,W,3,2,POHI,4,0.1,2,4,0.46628,PF
2018,ARB,W,3,2,PSMO,1,0.1,9,1,0.08738,PF
2018,ARB,D,4,1,ACMI,1,0.25,9,1,0.260775,PF
2018,ARB,D,4,1,ACMI,2,0.1,6,9,0.93879,PF
2018,ARB,D,4,1,ACMI,3,0.05,3,7,0.365085,PF
2018,ARB,D,4,1,ANRO,1,0.25,1,4,2.1282,PF
2018,ARB,D,4,1,ANRO,2,0.1,1,6,1.27692,PF
2018,ARB,D,4,1,ARCA,1,0.25,11,4,1.7133,PF
2018,ARB,D,4,1,ARCA,2,0.1,7,11,1.88463,PF
2018,ARB,D,4,1,ARCA,3,0.05,3,3,0.256995,PF
2018,ARB,D,4,1,ARFE,1,0.1,4,3,0.38472,PF
2018,ARB,D,4,1,ARFE,2,0.25,5,1,0.3206,PF
2018,ARB,D,4,1,ASHU,1,0.5,3,1,0.045,PF
2018,ARB,D,4,1,BOGR,1,0.25,11,5,2.963625,PG4
2018,ARB,D,4,1,BOGR,2,0.1,8,8,1.89672,PG4
2018,ARB,D,4,1,ERRA,1,0.25,4,1,0.3372,PF
2018,ARB,D,4,1,FEAR,1,0.5,18,2,2.6085,PG3
2018,ARB,D,4,1,FEAR,2,0.25,14,6,3.91275,PG3
2018,ARB,D,4,1,FEAR,3,0.1,12,2,0.5217,PG3
2018,ARB,D,4,1,LILE,1,0.05,6,2,0.14841,PF
2018,ARB,D,4,1,LILE,2,0.1,12,2,0.29682,PF
2018,ARB,D,4,1,MUMO,1,0.25,14,4,3.8904,PG4
2018,ARB,D,4,1,MUMO,2,0.1,9,6,2.33424,PG4
2018,ARB,D,4,1,POHI,1,1,8,2,2.3314,PF
2018,ARB,D,4,1,POHI,2,0.5,4,2,1.1657,PF
2018,ARB,W,8,1,ACMI,1,0.25,10,3,0.782325,PF
2018,ARB,W,8,1,ACMI,2,0.1,8,11,1.14741,PF
2018,ARB,W,8,1,ACMI,3,0.05,5,16,0.83448,PF
2018,ARB,W,8,1,ALGE,1,0.25,13,2,0.89665,PF
2018,ARB,W,8,1,ALGE,2,0.5,16,1,0.89665,PF
2018,ARB,W,8,1,ANRO,1,1,2,1,2.1282,PF
2018,ARB,W,8,1,ANRO,2,0.5,1,4,4.2564,PF
2018,ARB,W,8,1,ANRO,3,0.25,1,8,4.2564,PF
2018,ARB,W,8,1,ANRO,4,0.1,1,10,2.1282,PF
2018,ARB,W,8,1,ARFE,1,0.1,4,3,0.38472,PF
2018,ARB,W,8,1,ASHU,1,0.75,9,2,0.135,PF
2018,ARB,W,8,1,ASHU,2,0.5,7,2,0.09,PF
2018,ARB,W,8,1,ASHU,3,0.25,6,1,0.0225,PF
2018,ARB,W,8,1,BLTR,1,1,17,3,6.8859,PG4
2018,ARB,W,8,1,BLTR,2,0.5,15,5,5.73825,PG4
2018,ARB,W,8,1,BLTR,3,0.25,12,1,0.573825,PG4
2018,ARB,W,8,1,BOGR,1,0.5,15,1,1.18545,PG4
2018,ARB,W,8,1,BOGR,2,0.25,10,1,0.592725,PG4
2018,ARB,W,8,1,ERFL,1,0.01,1,3,0.040488,AF
2018,ARB,W,8,1,FEAR,1,5,35,2,26.085,PG3
2018,ARB,W,8,1,FEAR,2,4,29,1,10.434,PG3
2018,ARB,W,8,1,FEAR,3,2,26,3,15.651,PG3
2018,ARB,W,8,1,FEAR,4,1,24,1,2.6085,PG3
2018,ARB,W,8,1,FEAR,5,0.5,15,1,1.30425,PG3
2018,ARB,W,8,1,LUKI,1,0.5,12,1,0.5,AF
2018,ARB,W,8,1,MURI,1,1,32,3,25.1319,PG4
2018,ARB,W,8,1,MURI,2,0.5,29,3,12.56595,PG4
2018,ARB,W,8,1,POHI,1,0.25,5,1,0.291425,PF
2018,ARB,W,8,2,ACMI,1,0.25,10,2,0.52155,PF
2018,ARB,W,8,2,ACMI,2,0.1,8,6,0.62586,PF
2018,ARB,W,8,2,ACMI,3,0.05,6,15,0.782325,PF
2018,ARB,W,8,2,ANRO,1,1,2,2,4.2564,PF
2018,ARB,W,8,2,ANRO,2,0.5,1,2,2.1282,PF
2018,ARB,W,8,2,ANRO,3,0.25,1,6,3.1923,PF
2018,ARB,W,8,2,ANRO,4,0.1,1,3,0.63846,PF
2018,ARB,W,8,2,BLTR,1,1,20,3,6.8859,PG4
2018,ARB,W,8,2,BLTR,2,2,24,1,4.5906,PG4
2018,ARB,W,8,2,BLTR,3,0.5,16,5,5.73825,PG4
2018,ARB,W,8,2,BLTR,4,0.1,14,8,1.83624,PG4
2018,ARB,W,8,2,BOGR,1,0.25,14,3,1.778175,PG4
2018,ARB,W,8,2,ELEL,1,0.1,10,1,0.15124,PG3
2018,ARB,W,8,2,ERFL,1,0.01,1,9,0.121464,AF
2018,ARB,W,8,2,FEAR,1,4,32,1,10.434,PG3
2018,ARB,W,8,2,FEAR,2,2,31,2,10.434,PG3
2018,ARB,W,8,2,FEAR,3,1,28,1,2.6085,PG3
2018,ARB,W,8,2,FEAR,4,0.5,17,2,2.6085,PG3
2018,ARB,W,8,2,LUKI,1,0.05,3,1,0.05,AF
2018,ARB,W,8,2,MUMO,1,2,34,1,7.7808,PG4
2018,ARB,W,8,2,MUMO,2,0.5,25,2,3.8904,PG4
2018,ARB,W,8,2,MUMO,3,0.25,18,3,2.9178,PG4
2018,ARB,W,8,2,MURI,1,0.25,12,1,2.094325,PG4
2018,ARB,W,8,2,POHI,1,0.5,11,2,1.1657,PF
2018,ARB,W,8,2,POHI,2,0.25,7,5,1.457125,PF
2018,ARB,W,8,2,POHI,3,0.1,5,8,0.93256,PF
2018,ARB,W,8,2,PSMO,1,0.75,13,1,0.65535,PF
2018,ARB,W,8,2,PSMO,2,0.25,7,4,0.8738,PF
2018,ARB,W,9,1,ACMI,1,0.05,3,9,0.469395,PF
2018,ARB,W,9,1,ACMI,2,0.1,6,2,0.20862,PF
2018,ARB,W,9,1,ANRO,1,2,2,2,8.5128,PF
2018,ARB,W,9,1,ANRO,2,1,2,2,4.2564,PF
2018,ARB,W,9,1,ANRO,3,0.5,1,5,5.3205,PF
2018,ARB,W,9,1,ANRO,4,0.25,1,2,1.0641,PF
2018,ARB,W,9,1,ARCA,1,0.1,8,13,2.22729,PF
2018,ARB,W,9,1,ARCA,2,0.25,12,1,0.428325,PF
2018,ARB,W,9,1,ARCA,3,0.05,4,2,0.17133,PF
2018,ARB,W,9,1,BLTR,1,1.5,16,1,3.44295,PG4
2018,ARB,W,9,1,BLTR,2,0.25,14,1,0.573825,PG4
2018,ARB,W,9,1,BLTR,3,0.5,12,1,1.14765,PG4
2018,ARB,W,9,1,BOGR,1,0.05,9,1,0.118545,PG4
2018,ARB,W,9,1,CHSES,1,0.05,2,3,0.078,AF
2018,ARB,W,9,1,FEAR,1,3,32,1,7.8255,PG3
2018,ARB,W,9,1,FEAR,2,2,27,2,10.434,PG3
2018,ARB,W,9,1,FEAR,3,1,26,3,7.8255,PG3
2018,ARB,W,9,1,FEAR,4,0.5,24,6,7.8255,PG3
2018,ARB,W,9,1,FEAR,5,0.25,18,1,0.652125,PG3
2018,ARB,W,9,1,MUMO,1,2,22,1,7.7808,PG4
2018,ARB,W,9,1,MUMO,2,1,20,5,19.452,PG4
2018,ARB,W,9,1,MUMO,3,3,23,2,23.3424,PG4
2018,ARB,W,9,1,MUMO,4,0.5,15,2,3.8904,PG4
2018,ARB,W,9,1,MUMO,5,0.25,16,4,3.8904,PG4
2018,ARB,W,9,1,PEVI,1,0.25,9,1,0.291425,PF
2018,ARB,W,9,1,POHI,1,0.25,4,2,0.58285,PF
2018,ARB,W,9,1,POHI,2,0.1,3,1,0.11657,PF
2018,ARB,W,9,1,POHI,3,0.5,7,1,0.58285,PF
2018,ARB,W,9,2,ARCA,1,0.1,8,1,0.17133,PF
2018,ARB,W,9,2,ARFE,1,0.5,6,2,1.2824,PF
2018,ARB,W,9,2,ARFE,2,0.25,5,2,0.6412,PF
2018,ARB,W,9,2,ASHU,1,1,4,1,0.09,PF
2018,ARB,W,9,2,ASHU,2,0.5,5,1,0.045,PF
2018,ARB,W,9,2,BLTR,1,1.5,23,1,3.44295,PG4
2018,ARB,W,9,2,BLTR,2,1,15,9,20.6577,PG4
2018,ARB,W,9,2,BLTR,3,0.5,17,7,8.03355,PG4
2018,ARB,W,9,2,FEAR,1,3,27,2,15.651,PG3
2018,ARB,W,9,2,FEAR,2,2,25,4,20.868,PG3
2018,ARB,W,9,2,FEAR,3,1,22,1,2.6085,PG3
2018,ARB,W,9,2,LILE,1,0.05,3,2,0.14841,PF
2018,ARB,W,9,2,LUKI,1,0.5,12,1,0.5,AF
2018,ARB,W,9,2,MUMO,1,0.5,17,3,5.8356,PG4
2018,ARB,W,9,2,MUMO,2,0.25,14,2,1.9452,PG4
2018,ARB,W,9,2,PEVI,1,0.5,8,1,0.58285,PF
2018,ARB,W,9,2,POHI,1,1,7,5,5.8285,PF
2018,ARB,W,9,2,POHI,2,1,6,7,8.1599,PF
2018,ARB,W,9,2,POHI,3,0.5,6,7,4.07995,PF
2018,ARB,W,9,2,POHI,4,0.1,4,3,0.34971,PF
2018,ARB,W,12,1,ACMI,1,0.1,8,4,0.41724,PF
2018,ARB,W,12,1,ACMI,2,0.05,5,10,0.52155,PF
2018,ARB,W,12,1,ANRO,1,2,2,2,8.5128,PF
2018,ARB,W,12,1,ANRO,2,1,1,8,17.0256,PF
2018,ARB,W,12,1,ANRO,3,0.5,1,12,12.7692,PF
2018,ARB,W,12,1,ANRO,4,0.1,1,6,1.27692,PF
2018,ARB,W,12,1,ARCA,1,0.1,7,7,1.19931,PF
2018,ARB,W,12,1,ARFE,1,0.25,3,1,0.3206,PF
2018,ARB,W,12,1,ARFE,2,0.1,4,1,0.12824,PF
2018,ARB,W,12,1,ASHU,1,0.25,3,1,0.0225,PF
2018,ARB,W,12,1,BLTR,1,1,14,3,6.8859,PG4
2018,ARB,W,12,1,BLTR,2,0.5,10,6,6.8859,PG4
2018,ARB,W,12,1,BLTR,3,0.25,8,3,1.721475,PG4
2018,ARB,W,12,1,BOGR,1,0.25,6,2,1.18545,PG4
2018,ARB,W,12,1,BOGR,2,0.1,6,1,0.23709,PG4
2018,ARB,W,12,1,ERRA,1,0.25,3,1,0.3372,PF
2018,ARB,W,12,1,FEAR,1,3,27,1,7.8255,PG3
2018,ARB,W,12,1,FEAR,2,2,25,1,5.217,PG3
2018,ARB,W,12,1,MUMO,1,1,14,2,7.7808,PG4
2018,ARB,W,12,1,MUMO,2,0.5,12,5,9.726,PG4
2018,ARB,W,12,1,POHI,1,1.5,8,3,5.24565,PF
2018,ARB,W,12,1,POHI,2,1,7,4,4.6628,PF
2018,ARB,W,12,1,POHI,3,0.5,6,5,2.91425,PF
2018,ARB,W,12,1,PSMO,1,0.5,8,1,0.4369,PF
2018,ARB,W,12,2,ACMI,1,0.1,9,18,1.87758,PF
2018,ARB,W,12,2,ACMI,2,0.05,6,17,0.886635,PF
2018,ARB,W,12,2,ARCA,1,0.1,10,3,0.51399,PF
2018,ARB,W,12,2,ARCA,2,0.05,4,6,0.51399,PF
2018,ARB,W,12,2,ASHU,1,0.5,4,2,0.09,PF
2018,ARB,W,12,2,ASHU,2,0.25,3,3,0.0675,PF
2018,ARB,W,12,2,BLTR,1,2,23,1,4.5906,PG4
2018,ARB,W,12,2,BLTR,2,0.5,16,2,2.2953,PG4
2018,ARB,W,12,2,BOGR,1,0.25,7,2,1.18545,PG4
2018,ARB,W,12,2,ERFL,1,0.01,1,9,0.121464,AF
2018,ARB,W,12,2,ERRA,1,0.1,2,1,0.13488,PF
2018,ARB,W,12,2,FEAR,1,4,29,2,20.868,PG3
2018,ARB,W,12,2,FEAR,2,2,27,2,10.434,PG3
2018,ARB,W,12,2,FEAR,3,1,25,1,2.6085,PG3
2018,ARB,W,12,2,MUMO,1,2,20,4,31.1232,PG4
2018,ARB,W,12,2,MUMO,2,1,18,1,3.8904,PG4
2018,ARB,W,12,2,MUMO,3,0.5,15,4,7.7808,PG4
2018,ARB,W,12,2,MUMO,4,0.1,10,13,5.05752,PG4
2018,ARB,W,12,2,POHI,1,2,12,2,4.6628,PF
2018,ARB,W,12,2,POHI,2,1,10,4,4.6628,PF
2018,ARB,W,12,2,POHI,3,0.5,8,5,2.91425,PF
2018,ARB,W,12,2,POHI,4,0.1,6,3,0.34971,PF
2018,BC,C,2,1,BOGR,1,2,12,2,5.6992,PG4
2018,BC,C,2,1,BOGR,2,1,10,4,5.6992,PG4
2018,BC,C,2,1,BOGR,3,0.5,8,11,7.8364,PG4
2018,BC,C,2,1,BOGR,4,0.25,8,8,2.8496,PG4
2018,BC,C,2,1,BOGR,5,0.1,6,16,2.27968,PG4
2018,BC,C,2,1,HECO,1,0.25,9,1,0.469575,PG3
2018,BC,C,2,1,ZIGR,1,0.25,5,2,0.5,PF
2018,BC,C,2,2,BOGR,1,1,9,2,2.8496,PG4
2018,BC,C,2,2,BOGR,2,0.5,8,6,4.2744,PG4
2018,BC,C,2,2,BOGR,3,0.25,7,5,1.781,PG4
2018,BC,C,2,2,BOGR,4,0.1,6,4,0.56992,PG4
2018,BC,C,2,2,ERNA,1,2,19,18,92.2212,S
2018,BC,C,2,2,ERNA,2,0.5,10,10,12.8085,S
2018,BC,C,2,2,HECO,1,0.1,7,1,0.18783,PG3
2018,BC,C,3,1,BOGR,1,0.5,8,1,0.7124,PG4
2018,BC,C,3,1,BOGR,2,0.25,7,8,2.8496,PG4
2018,BC,C,3,1,BOGR,3,0.1,5,8,1.13984,PG4
2018,BC,C,3,1,GUSA,1,2,14,1,5.4214,SS
2018,BC,C,3,1,GUSA,2,1.5,12,1,4.06605,SS
2018,BC,C,3,1,GUSA,3,1,14,1,2.7107,SS
2018,BC,C,3,1,GUSA,4,0.5,10,1,1.35535,SS
2018,BC,C,3,1,KRLA,1,0.1,8,2,0.51234,S
2018,BC,C,3,1,KRLA,2,0.25,10,1,0.640425,S
2018,BC,C,3,2,BOGR,1,0.5,8,6,4.2744,PG4
2018,BC,C,3,2,BOGR,2,0.25,7,14,4.9868,PG4
2018,BC,C,3,2,BOGR,3,0.1,6,15,2.1372,PG4
2018,BC,C,3,2,ELEL,1,0.1,9,3,0.56349,PG3
2018,BC,C,3,2,ELEL,2,2,12,1,3.7566,PG3
2018,BC,C,3,2,ERNA,1,3,18,1,7.6851,S
2018,BC,C,3,2,KRLA,1,0.1,13,2,0.51234,S
2018,BC,C,5,1,BOGR,1,1,7,1,1.4248,PG4
2018,BC,C,5,1,BOGR,2,0.5,7,2,1.4248,PG4
2018,BC,C,5,1,BOGR,3,0.25,6,6,2.1372,PG4
2018,BC,C,5,1,BOGR,4,0.1,3,15,2.1372,PG4
2018,BC,C,5,1,BOGR,5,0.05,2,3,0.21372,PG4
2018,BC,C,5,1,CHER,1,0.05,3,2,0.1,PF
2018,BC,C,5,1,ERNA,1,2.5,20,1,6.40425,S
2018,BC,C,5,1,HECO,1,0.5,10,1,0.93915,PG3
2018,BC,C,5,1,HECO,2,1,13,1,1.8783,PG3
2018,BC,C,5,1,HECO,3,2,14,1,3.7566,PG3
2018,BC,C,5,2,BOGR,1,0.5,9,4,2.8496,PG4
2018,BC,C,5,2,BOGR,2,0.25,8,11,3.9182,PG4
2018,BC,C,5,2,BOGR,3,0.1,6,22,3.13456,PG4
2018,BC,C,5,2,ERNA,1,0.25,24,1,0.640425,S
2018,BC,C,5,2,GUSA,1,0.5,9,1,1.35535,SS
2018,BC,C,5,2,HECO,1,2,12,1,3.7566,PG3
2018,BC,C,5,2,HECO,2,1,10,1,1.8783,PG3
2018,BC,C,5,2,HECO,3,0.5,7,7,6.57405,PG3
2018,BC,C,5,2,HECO,4,0.1,5,1,0.18783,PG3
2018,BC,C,7,1,BOGR,1,0.5,9,6,4.2744,PG4
2018,BC,C,7,1,BOGR,2,0.25,6,14,4.9868,PG4
2018,BC,C,7,1,BOGR,3,0.1,6,37,5.27176,PG4
2018,BC,C,7,1,HECO,1,1,14,2,3.7566,PG3
2018,BC,C,7,1,HECO,2,0.5,12,1,0.93915,PG3
2018,BC,C,7,1,HECO,3,0.25,10,2,0.93915,PG3
2018,BC,C,7,1,KRLA,1,2,19,1,5.1234,S
2018,BC,C,7,1,STTE,1,0.5,16,1,0.5,PF
2018,BC,C,7,2,BOGR,1,0.25,8,4,1.4248,PG4
2018,BC,C,7,2,BOGR,2,0.1,7,23,3.27704,PG4
2018,BC,C,7,2,BOGR,3,0.05,5,7,0.49868,PG4
2018,BC,C,7,2,HECO,1,1.5,14,1,2.81745,PG3
2018,BC,C,7,2,HECO,2,0.1,7,1,0.18783,PG3
2018,BC,C,7,2,UKFO,1,0.05,2,1,0.05,PF
2018,BC,D,4,1,BOGR,1,0.1,5,3,0.42744,PG4
2018,BC,D,4,1,BOGR,2,0.05,3,2,0.14248,PG4
2018,BC,D,4,1,BOGR,3,0.25,5,1,0.3562,PG4
2018,BC,D,4,1,CHER,1,0.05,4,2,0.1,PF
2018,BC,D,4,1,CHSES,1,0.01,1,3,0.010563,AF
2018,BC,D,4,1,ERNA,1,7,35,1,17.9319,S
2018,BC,D,4,1,HECO,1,0.1,8,4,0.75132,PG3
2018,BC,D,4,2,BOGR,1,0.1,5,4,0.56992,PG4
2018,BC,D,4,2,BOGR,2,0.25,6,1,0.3562,PG4
2018,BC,D,4,2,CHSES,1,0.01,1,1,0.003521,AF
2018,BC,D,4,2,GUSA,1,3,16,1,8.1321,SS
2018,BC,D,4,2,HECO,1,0.25,5,1,0.469575,PG3
2018,BC,D,4,2,HECO,2,0.5,6,1,0.93915,PG3
2018,BC,D,4,2,HECO,3,0.1,3,3,0.56349,PG3
2018,BC,D,8,1,BOGR,1,0.25,8,3,1.0686,PG4
2018,BC,D,8,1,BOGR,2,0.1,5,12,1.70976,PG4
2018,BC,D,8,1,CHSES,1,0.01,1,6,0.021126,AF
2018,BC,D,8,1,ERNA,1,1.5,17,1,3.84255,S
2018,BC,D,8,2,BOGR,1,0.25,8,3,1.0686,PG4
2018,BC,D,8,2,BOGR,2,0.1,5,4,0.56992,PG4
2018,BC,D,8,2,ERNA,1,4,24,1,10.2468,S
2018,BC,D,8,2,ERNA,2,1.5,18,1,3.84255,S
2018,BC,D,10,1,BOGR,1,0.1,6,3,0.42744,PG4
2018,BC,D,10,1,BOGR,2,0.05,3,5,0.3562,PG4
2018,BC,D,10,1,CHDE,1,2,18,1,5.1234,S
2018,BC,D,10,1,ERNA,1,3.5,18,1,8.96595,S
2018,BC,D,10,1,ERNA,2,4,19,1,10.2468,S
2018,BC,D,10,2,BOGR,1,0.1,5,6,0.85488,PG4
2018,BC,D,10,2,BOGR,2,0.25,6,1,0.3562,PG4
2018,BC,D,10,2,BOGR,3,0.05,4,2,0.14248,PG4
2018,BC,D,10,2,CHDE,1,3,20,1,7.6851,S
2018,BC,D,10,2,CHSES,1,0.01,1,1,0.003521,AF
2018,BC,D,12,1,BOGR,1,0.1,4,3,0.42744,PG4
2018,BC,D,12,1,BOGR,2,0.25,5,1,0.3562,PG4
2018,BC,D,12,1,CHDE,1,2,22,1,5.1234,S
2018,BC,D,12,1,CHDE,2,0.5,10,1,1.28085,S
2018,BC,D,12,1,CHSES,1,0.01,1,2,0.007042,AF
2018,BC,D,12,2,BOGR,1,0.1,4,2,0.28496,PG4
2018,BC,D,12,2,BOGR,2,0.05,3,2,0.14248,PG4
2018,BC,D,12,2,CHSES,1,0.01,1,1,0.003521,AF
2018,BC,D,12,2,ERNA,1,5,21,1,12.8085,S
2018,BC,D,12,2,ERNA,2,1,19,1,2.5617,S
2018,BC,W,1,1,BOGR,1,2,10,2,5.6992,PG4
2018,BC,W,1,1,BOGR,2,1,8,4,5.6992,PG4
2018,BC,W,1,1,BOGR,3,0.5,8,9,6.4116,PG4
2018,BC,W,1,1,BOGR,4,0.25,7,10,3.562,PG4
2018,BC,W,1,1,BOGR,5,0.1,6,14,1.99472,PG4
2018,BC,W,1,1,CHSES,1,0.05,1,1,0.017605,AF
2018,BC,W,1,1,ERNA,1,7,16,1,17.9319,S
2018,BC,W,1,1,JUMO,1,0.25,9,1,0.640425,S
2018,BC,W,1,1,SPHA,1,0.25,6,1,0.25,PF
2018,BC,W,1,2,BOGR,1,1,10,5,7.124,PG4
2018,BC,W,1,2,BOGR,2,2,12,1,2.8496,PG4
2018,BC,W,1,2,BOGR,3,0.5,9,13,9.2612,PG4
2018,BC,W,1,2,BOGR,4,0.25,8,12,4.2744,PG4
2018,BC,W,1,2,BOGR,5,0.1,6,11,1.56728,PG4
2018,BC,W,1,2,CHSES,1,0.01,1,1,0.003521,AF
2018,BC,W,1,2,ERNA,1,4,18,1,10.2468,S
2018,BC,W,1,2,ERNA,2,1,17,1,2.5617,S
2018,BC,W,6,1,BOGR,1,2,9,3,8.5488,PG4
2018,BC,W,6,1,BOGR,2,1,8,6,8.5488,PG4
2018,BC,W,6,1,BOGR,3,0.5,7,15,10.686,PG4
2018,BC,W,6,1,BOGR,4,0.25,6,28,9.9736,PG4
2018,BC,W,6,1,BOGR,5,0.1,4,39,5.55672,PG4
2018,BC,W,6,1,CHER,1,0.05,2,3,0.15,PF
2018,BC,W,6,1,HECO,1,1.5,14,1,2.81745,PG3
2018,BC,W,6,1,HECO,2,1,13,1,1.8783,PG3
2018,BC,W,6,1,HECO,3,0.5,12,2,1.8783,PG3
2018,BC,W,6,1,HECO,4,0.25,10,1,0.469575,PG3
2018,BC,W,6,2,BOGR,1,2,12,5,14.248,PG4
2018,BC,W,6,2,BOGR,2,1,10,3,4.2744,PG4
2018,BC,W,6,2,BOGR,3,0.5,6,5,3.562,PG4
2018,BC,W,6,2,BOGR,4,0.25,5,6,2.1372,PG4
2018,BC,W,6,2,CHSES,1,0.01,1,4,0.014084,AF
2018,BC,W,6,2,HECO,1,4,24,1,7.5132,PG3
2018,BC,W,6,2,HECO,2,2,20,3,11.2698,PG3
2018,BC,W,6,2,HECO,3,1,16,1,1.8783,PG3
2018,BC,W,6,2,MIAL,1,0.25,9,1,0.25,PF
2018,BC,W,6,2,POOL,1,0.05,2,1,0.017605,PF
2018,BC,W,9,1,BOGR,1,2,9,1,2.8496,PG4
2018,BC,W,9,1,BOGR,2,1,8,3,4.2744,PG4
2018,BC,W,9,1,BOGR,3,0.5,7,5,3.562,PG4
2018,BC,W,9,1,BOGR,4,0.25,6,10,3.562,PG4
2018,BC,W,9,1,BOGR,5,0.1,5,43,6.12664,PG4
2018,BC,W,9,1,CHDE,1,5,24,1,12.8085,S
2018,BC,W,9,1,HECO,1,0.5,15,1,0.93915,PG3
2018,BC,W,9,2,BOGR,1,1,9,5,7.124,PG4
2018,BC,W,9,2,BOGR,2,0.5,7,15,10.686,PG4
2018,BC,W,9,2,BOGR,3,0.25,7,22,7.8364,PG4
2018,BC,W,9,2,BOGR,4,0.1,6,17,2.42216,PG4
2018,BC,W,9,2,ERNA,1,5,23,1,12.8085,S
2018,BC,W,9,2,GUSA,1,2,19,1,5.4214,SS
2018,BC,W,9,2,HECO,1,2.5,18,1,4.69575,PG3
2018,BC,W,11,1,BOGR,1,2,12,4,11.3984,PG4
2018,BC,W,11,1,BOGR,2,3,13,1,4.2744,PG4
2018,BC,W,11,1,BOGR,3,1,11,5,7.124,PG4
2018,BC,W,11,1,BOGR,4,0.5,9,4,2.8496,PG4
2018,BC,W,11,1,BOGR,5,0.25,8,6,2.1372,PG4
2018,BC,W,11,1,CHDE,1,5,30,1,12.8085,S
2018,BC,W,11,1,ERNA,1,8,35,1,20.4936,S
2018,BC,W,11,1,HECO,1,3,23,1,5.6349,PG3
2018,BC,W,11,1,HECO,2,2,22,2,7.5132,PG3
2018,BC,W,11,1,HECO,3,1,20,3,5.6349,PG3
2018,BC,W,11,1,HECO,4,0.5,18,1,0.93915,PG3
2018,BC,W,11,1,MIAL,1,1.5,15,1,1.5,PF
2018,BC,W,11,1,MIAL,2,0.05,3,1,0.05,PF
2018,BC,W,11,1,SATR,1,0.1,5,1,0.1,AF
2018,BC,W,11,2,BOGR,1,2,9,2,5.6992,PG4
2018,BC,W,11,2,BOGR,2,1,8,1,1.4248,PG4
2018,BC,W,11,2,BOGR,3,0.5,7,5,3.562,PG4
2018,BC,W,11,2,BOGR,4,0.25,6,15,5.343,PG4
2018,BC,W,11,2,BOGR,5,0.1,6,28,3.98944,PG4
2018,BC,W,11,2,CHDE,1,1,10,1,2.5617,S
2018,BC,W,11,2,CHSES,1,0.5,2,1,0.17605,AF
2018,BC,W,11,2,CHSES,2,0.25,2,2,0.17605,AF
2018,BC,W,11,2,CHSES,3,0.1,1,3,0.10563,AF
2018,BC,W,11,2,HECO,1,2,18,4,15.0264,PG3
2018,BC,W,11,2,HECO,2,1,16,3,5.6349,PG3
2018,BC,W,11,2,HECO,3,0.5,12,1,0.93915,PG3
2018,BP,C,3,1,ACHY,1,1,20,1,3.8212,PG3
2018,BP,C,3,1,ACHY,2,0.5,16,1,1.9106,PG3
2018,BP,C,3,1,ACHY,3,2.5,24,1,9.553,PG3
2018,BP,C,3,1,ARPU,1,0.75,10,1,1.997175,PG4
2018,BP,C,3,1,ATCO,1,2,16,1,9.7356,SS
2018,BP,C,3,1,ATCO,2,0.5,12,1,2.4339,SS
2018,BP,C,3,1,BOER,1,1,14,2,9.1598,PG4
2018,BP,C,3,1,BOER,2,1.5,17,1,6.86985,PG4
2018,BP,C,3,1,BOER,3,0.5,12,3,6.86985,PG4
2018,BP,C,3,2,ACHY,1,1.5,14,1,5.7318,PG3
2018,BP,C,3,2,ATCO,1,3,24,1,14.6034,SS
2018,BP,C,3,2,BOER,1,1.5,10,1,6.86985,PG4
2018,BP,C,3,2,BOER,2,0.5,8,1,2.28995,PG4
2018,BP,C,3,2,BOER,3,5,15,1,22.8995,PG4
2018,BP,C,3,2,BOER,4,0.25,6,1,1.144975,PG4
2018,BP,C,5,1,ATCO,1,3,18,1,14.6034,SS
2018,BP,C,5,1,BOER,1,4,14,1,18.3196,PG4
2018,BP,C,5,1,BOER,2,5,15,1,22.8995,PG4
2018,BP,C,5,1,BOER,3,1.5,12,1,6.86985,PG4
2018,BP,C,5,2,ACHY,1,0.25,8,1,0.9553,PG3
2018,BP,C,5,2,ATCO,1,11,34,1,53.5458,SS
2018,BP,C,5,2,ATCO,2,1,18,1,4.8678,SS
2018,BP,C,5,2,ATCO,3,1.5,23,1,7.3017,SS
2018,BP,C,5,2,ATCO,4,0.5,16,3,7.3017,SS
2018,BP,C,6,1,ACHY,1,1,16,1,3.8212,PG3
2018,BP,C,6,1,ATCO,1,1,14,1,4.8678,SS
2018,BP,C,6,1,ATCO,2,2,17,1,9.7356,SS
2018,BP,C,6,1,BOER,1,3,13,1,13.7397,PG4
2018,BP,C,6,1,BOER,2,4,14,1,18.3196,PG4
2018,BP,C,6,1,BOER,3,1,12,1,4.5799,PG4
2018,BP,C,6,1,BOER,4,0.5,10,1,2.28995,PG4
2018,BP,C,6,2,BOER,1,3.5,14,1,16.02965,PG4
2018,BP,C,6,2,BOER,2,1,10,2,9.1598,PG4
2018,BP,C,6,2,BOER,3,0.5,8,1,2.28995,PG4
2018,BP,C,8,1,ACHY,1,0.5,19,1,1.9106,PG3
2018,BP,C,8,1,ACHY,2,1,20,1,3.8212,PG3
2018,BP,C,8,1,BOER,1,0.75,12,1,3.434925,PG4
2018,BP,C,8,2,ARPU,1,1,11,1,2.6629,PG4
2018,BP,C,8,2,ATCO,1,4,24,1,19.4712,SS
2018,BP,C,8,2,ATCO,2,0.5,17,1,2.4339,SS
2018,BP,C,8,2,BOER,1,4,16,1,18.3196,PG4
2018,BP,C,8,2,EPVI,1,1.5,20,1,13.23,SS
2018,BP,W,9,1,BOER,1,4,14,1,18.3196,PG4
2018,BP,W,9,1,BOER,2,1,14,3,13.7397,PG4
2018,BP,W,9,1,BOER,3,0.5,13,2,4.5799,PG4
2018,BP,W,9,2,ACHY,1,2,24,1,7.6424,PG3
2018,BP,W,9,2,ATCO,1,7,23,2,68.1492,SS
2018,BP,W,9,2,SPCO,1,2,25,1,2,PG4
2018,BP,W,9,2,SPCO,2,0.1,8,1,0.1,PG4
2018,BP,D,1,1,ATCO,1,7,37,1,34.0746,SS
2018,BP,D,1,1,ATCO,2,2,23,1,9.7356,SS
2018,BP,D,1,1,BOER,1,0.1,8,1,0.45799,PG4
2018,BP,D,1,2,ARPU,1,0.25,7,1,0.665725,PG4
2018,BP,D,1,2,ARPU,2,0.5,10,1,1.33145,PG4
2018,BP,D,1,2,ATCO,1,2,19,1,9.7356,SS
2018,BP,D,1,2,BOER,1,0.25,11,1,1.144975,PG4
2018,BP,D,2,1,ACHY,1,1,9,1,3.8212,PG3
2018,BP,D,2,1,ARPU,1,0.25,6,1,0.665725,PG4
2018,BP,D,2,1,ATCO,1,5,22,1,24.339,SS
2018,BP,D,2,1,ATCO,2,2,20,1,9.7356,SS
2018,BP,D,2,1,BOER,1,1.5,13,1,6.86985,PG4
2018,BP,D,2,1,KRLA,1,1.5,28,1,13.044,S
2018,BP,D,2,2,ACHY,1,0.25,8,1,0.9553,PG3
2018,BP,D,2,2,ARPU,1,1,13,1,2.6629,PG4
2018,BP,D,2,2,BOER,1,0.5,8,1,2.28995,PG4
2018,BP,D,4,1,ACHY,1,0.25,10,2,1.9106,PG3
2018,BP,D,4,1,ARPU,1,0.1,5,2,0.53258,PG4
2018,BP,D,4,1,ATCO,1,5,17,1,24.339,SS
2018,BP,D,4,1,BOER,1,1,13,1,4.5799,PG4
2018,BP,D,4,1,BOER,2,0.5,8,1,2.28995,PG4
2018,BP,D,4,1,BOER,3,0.25,6,1,1.144975,PG4
2018,BP,D,4,1,BOER,4,1,5,1,4.5799,PG4
2018,BP,D,4,2,ARPU,1,1,10,1,2.6629,PG4
2018,BP,D,4,2,BOER,1,1,10,1,4.5799,PG4
2018,BP,D,4,2,BOER,2,1.5,12,1,6.86985,PG4
2018,BP,D,4,2,BOER,3,0.1,4,1,0.45799,PG4
2018,BP,D,7,1,ACHY,1,0.25,9,1,0.9553,PG3
2018,BP,D,7,1,ATCO,1,2,24,1,9.7356,SS
2018,BP,D,7,1,ATCO,2,1,17,1,4.8678,SS
2018,BP,D,7,1,ATCO,3,0.5,15,1,2.4339,SS
2018,BP,D,7,1,BOER,1,0.1,7,1,0.45799,PG4
2018,BP,D,7,1,BOER,2,0.25,7,1,1.144975,PG4
2018,BP,D,7,1,EPVI,1,5,24,1,44.1,SS
2018,BP,D,7,2,ATCO,1,4,19,1,19.4712,SS
2018,BP,D,7,2,ATCO,2,1,15,1,4.8678,SS
2018,BP,W,10,1,ARPU,1,1,14,4,10.6516,PG4
2018,BP,W,10,1,ARPU,2,0.5,12,4,5.3258,PG4
2018,BP,W,10,1,ARPU,3,1.5,14,1,3.99435,PG4
2018,BP,W,10,1,ATCO,1,9,27,1,43.8102,SS
2018,BP,W,10,1,BOER,1,4,22,1,18.3196,PG4
2018,BP,W,10,2,ACHY,1,0.5,18,1,1.9106,PG3
2018,BP,W,10,2,ARPU,1,1,12,1,2.6629,PG4
2018,BP,W,10,2,ATCO,1,8,28,1,38.9424,SS
2018,BP,W,10,2,ATCO,2,2,18,1,9.7356,SS
2018,BP,W,10,2,BOER,1,1.5,15,1,6.86985,PG4
2018,BP,W,10,2,BOER,2,1,14,1,4.5799,PG4
2018,BP,W,11,1,ACHY,1,0.5,9,1,1.9106,PG3
2018,BP,W,11,1,BOER,1,4,16,1,18.3196,PG4
2018,BP,W,11,1,BOER,2,3,15,1,13.7397,PG4
2018,BP,W,11,1,BOER,3,1.5,12,1,6.86985,PG4
2018,BP,W,11,1,BOER,4,1,8,2,9.1598,PG4
2018,BP,W,11,1,BOER,5,0.5,6,1,2.28995,PG4
2018,BP,W,11,2,ACHY,1,1.5,23,1,5.7318,PG3
2018,BP,W,11,2,ATCO,1,0.5,16,1,2.4339,SS
2018,BP,W,11,2,BOER,1,1.5,21,1,6.86985,PG4
2018,BP,W,11,2,KRLA,1,5,34,1,43.48,S
2018,BP,W,12,1,ARPU,1,0.1,6,2,0.53258,PG4
2018,BP,W,12,1,ARPU,2,0.25,6,1,0.665725,PG4
2018,BP,W,12,1,BOER,1,4,17,2,36.6392,PG4
2018,BP,W,12,1,BOER,2,2,15,1,9.1598,PG4
2018,BP,W,12,1,BOER,3,1,10,2,9.1598,PG4
2018,BP,W,12,2,ACHY,1,1.5,12,2,11.4636,PG3
2018,BP,W,12,2,ARPU,1,0.25,6,1,0.665725,PG4
2018,BP,W,12,2,ATCO,1,1,23,1,4.8678,SS
2018,BP,W,12,2,BOER,1,4,14,2,36.6392,PG4
2018,BP,W,12,2,BOER,2,1,14,1,4.5799,PG4
2018,CC,C,1,1,BRPO,1,2,26,4,13.952,PG4
2018,CC,C,1,1,BRPO,2,1,25,3,5.232,PG4
2018,CC,C,1,1,BRPO,3,0.5,23,4,3.488,PG4
2018,CC,C,1,1,BRPO,4,0.25,21,4,1.744,PG4
2018,CC,C,1,1,CAPA,1,0.5,15,3,0.89085,PF
2018,CC,C,1,1,CAPA,2,0.25,11,6,0.89085,PF
2018,CC,C,1,1,CAPA,3,0.1,8,4,0.23756,PF
2018,CC,C,1,1,ELEL,1,0.5,18,2,2.8924,PG3
2018,CC,C,1,1,ELEL,2,1,16,1,2.8924,PG3
2018,CC,C,1,1,ERFL,1,0.1,3,12,0.4116,AF
2018,CC,C,1,1,ERFL,2,0.25,4,2,0.1715,AF
2018,CC,C,1,1,ERFL,3,0.05,1,5,0.08575,AF
2018,CC,C,1,1,FEAR,1,9,43,1,46.4805,PG3
2018,CC,C,1,1,FEAR,2,3,36,1,15.4935,PG3
2018,CC,C,1,1,GETR,1,2,12,3,5.2248,PF
2018,CC,C,1,1,GETR,2,1,8,4,3.4832,PF
2018,CC,C,1,1,GETR,3,0.5,5,3,1.3062,PF
2018,CC,C,1,1,IRMI,1,2,36,1,6.0216,PF
2018,CC,C,1,1,IRMI,2,1,19,1,3.0108,PF
2018,CC,C,1,1,MUMO,1,1.5,22,1,4.34235,PG4
2018,CC,C,1,1,MUMO,2,1,19,3,8.6847,PG4
2018,CC,C,1,1,MUMO,3,0.5,15,4,5.7898,PG4
2018,CC,C,1,1,MUMO,4,0.25,12,3,2.171175,PG4
2018,CC,C,1,1,POHI,1,2,10,2,3.1116,PF
2018,CC,C,1,1,POHI,2,1,7,2,1.5558,PF
2018,CC,C,1,1,POPR,1,3,30,1,5.5269,PG3
2018,CC,C,1,1,POPR,2,2,28,1,3.6846,PG3
2018,CC,C,1,1,POPR,3,1,24,4,7.3692,PG3
2018,CC,C,1,1,POPR,4,0.5,16,10,9.2115,PG3
2018,CC,C,1,1,POPR,5,0.25,14,19,8.750925,PG3
2018,CC,C,1,1,POPR,6,0.1,10,10,1.8423,PG3
2018,CC,C,1,1,ROWO,1,1.5,27,1,0.7983,S
2018,CC,C,1,1,ROWO,2,0.75,14,1,0.39915,S
2018,CC,C,1,1,ROWO,3,0.1,8,1,0.05322,S
2018,CC,C,1,1,VIAM,1,1,17,2,0.8702,PF
2018,CC,C,1,1,VIAM,2,2,20,1,0.8702,PF
2018,CC,C,1,1,VIAM,3,0.5,12,3,0.65265,PF
2018,CC,C,1,2,BRPO,1,1.5,22,4,10.464,PG4
2018,CC,C,1,2,BRPO,2,1,21,4,6.976,PG4
2018,CC,C,1,2,BRPO,3,0.5,13,5,4.36,PG4
2018,CC,C,1,2,CAPA,1,0.25,11,5,0.742375,PF
2018,CC,C,1,2,CAPA,2,0.1,5,14,0.83146,PF
2018,CC,C,1,2,ERFO,1,0.1,2,4,0.1372,PF
2018,CC,C,1,2,ERFO,2,0.25,5,2,0.1715,PF
2018,CC,C,1,2,MUMO,1,1,24,3,8.6847,PG4
2018,CC,C,1,2,MUMO,2,0.5,16,4,5.7898,PG4
2018,CC,C,1,2,MUMO,3,1.5,25,1,4.34235,PG4
2018,CC,C,1,2,POHI,1,1,11,4,3.1116,PF
2018,CC,C,1,2,POHI,2,0.5,8,2,0.7779,PF
2018,CC,C,1,2,POHI,3,0.25,7,1,0.194475,PF
2018,CC,C,1,2,POPR,1,2,22,4,14.7384,PG3
2018,CC,C,1,2,POPR,2,1,21,8,14.7384,PG3
2018,CC,C,1,2,POPR,3,0.5,18,15,13.81725,PG3
2018,CC,C,1,2,POPR,4,0.1,10,22,4.05306,PG3
2018,CC,C,1,2,POPR,5,0.25,12,12,5.5269,PG3
2018,CC,C,1,2,VIAM,1,0.5,10,2,0.4351,PF
2018,CC,C,1,2,VIAM,2,0.75,12,5,1.631625,PF
2018,CC,C,3,1,ACMI,1,0.5,18,4,2.8554,PF
2018,CC,C,3,1,ACMI,2,0.25,16,6,2.14155,PF
2018,CC,C,3,1,ACMI,3,0.1,12,12,1.71324,PF
2018,CC,C,3,1,BRPO,1,2,36,4,13.952,PG4
2018,CC,C,3,1,BRPO,2,1,24,6,10.464,PG4
2018,CC,C,3,1,BRPO,3,0.5,18,12,10.464,PG4
2018,CC,C,3,1,CAGE,1,0.1,10,1,0.02427,PG3
2018,CC,C,3,1,ELEL,1,0.25,16,2,1.4462,PG3
2018,CC,C,3,1,ELEL,2,1,22,1,2.8924,PG3
2018,CC,C,3,1,FEAR,1,3,32,2,30.987,PG3
2018,CC,C,3,1,FEAR,2,4,36,2,41.316,PG3
2018,CC,C,3,1,FEAR,3,2,31,2,20.658,PG3
2018,CC,C,3,1,FEAR,4,1,26,2,10.329,PG3
2018,CC,C,3,1,GETR,1,2,8,7,12.1912,PF
2018,CC,C,3,1,GETR,2,1,6,11,9.5788,PF
2018,CC,C,3,1,HYHO,1,2,28,5,18.672,PF
2018,CC,C,3,1,HYHO,2,1,20,2,3.7344,PF
2018,CC,C,3,1,MUMO,1,0.25,18,4,2.8949,PG4
2018,CC,C,3,1,MUMO,2,0.1,15,6,1.73694,PG4
2018,CC,C,3,1,MUMO,3,0.5,19,3,4.34235,PG4
2018,CC,C,3,1,POHI,1,1,12,2,1.5558,PF
2018,CC,C,3,1,POHI,2,0.5,9,3,1.16685,PF
2018,CC,C,3,1,POPR,1,0.25,19,7,3.224025,PG3
2018,CC,C,3,1,POPR,2,0.1,17,21,3.86883,PG3
2018,CC,C,3,2,ASSP,1,1.5,20,1,0.4674,PF
2018,CC,C,3,2,ASSP,2,0.5,8,2,0.3116,PF
2018,CC,C,3,2,BRPO,1,2,26,1,3.488,PG4
2018,CC,C,3,2,BRPO,2,1,24,4,6.976,PG4
2018,CC,C,3,2,BRPO,3,0.5,20,7,6.104,PG4
2018,CC,C,3,2,BRPO,4,0.25,18,2,0.872,PG4
2018,CC,C,3,2,CAPA,1,0.25,14,3,0.445425,PF
2018,CC,C,3,2,CAPA,2,0.1,8,1,0.05939,PF
2018,CC,C,3,2,ERFL,1,0.1,2,12,0.4116,AF
2018,CC,C,3,2,FEAR,1,5,45,1,25.8225,PG3
2018,CC,C,3,2,FEAR,2,2,32,3,30.987,PG3
2018,CC,C,3,2,FEAR,3,3,36,1,15.4935,PG3
2018,CC,C,3,2,FEAR,4,6,40,1,30.987,PG3
2018,CC,C,3,2,FEAR,5,1,22,2,10.329,PG3
2018,CC,C,3,2,GETR,1,2,8,4,6.9664,PF
2018,CC,C,3,2,GETR,2,1,6,13,11.3204,PF
2018,CC,C,3,2,GETR,3,0.5,4,8,3.4832,PF
2018,CC,C,3,2,HYHO,1,2,32,3,11.2032,PF
2018,CC,C,3,2,HYHO,2,1,28,5,9.336,PF
2018,CC,C,3,2,HYHO,3,0.1,10,1,0.18672,PF
2018,CC,C,3,2,IRMI,1,2,27,1,6.0216,PF
2018,CC,C,3,2,MUMO,1,1,38,2,5.7898,PG4
2018,CC,C,3,2,MUMO,2,0.5,26,4,5.7898,PG4
2018,CC,C,3,2,MUMO,3,0.25,16,2,1.44745,PG4
2018,CC,C,3,2,POPR,1,0.25,21,5,2.302875,PG3
2018,CC,C,3,2,POPR,2,0.1,16,20,3.6846,PG3
2018,CC,C,3,2,VIAM,1,0.5,21,1,0.21755,PF
2018,CC,C,3,2,VIAM,2,0.1,12,1,0.04351,PF
2018,CC,C,7,1,ACMI,1,0.25,10,2,0.71385,PF
2018,CC,C,7,1,ACMI,2,0.1,8,4,0.57108,PF
2018,CC,C,7,1,BRPO,1,3,31,1,5.232,PG4
2018,CC,C,7,1,BRPO,2,2,28,9,31.392,PG4
2018,CC,C,7,1,BRPO,3,1,26,3,5.232,PG4
2018,CC,C,7,1,BRPO,4,0.5,20,4,3.488,PG4
2018,CC,C,7,1,ELEL,1,0.5,19,3,4.3386,PG3
2018,CC,C,7,1,ELEL,2,0.1,18,4,1.15696,PG3
2018,CC,C,7,1,ERFL,1,0.1,4,3,0.1029,AF
2018,CC,C,7,1,ERFL,2,0.05,1,12,0.2058,AF
2018,CC,C,7,1,FEAR,1,0.5,20,2,5.1645,PG3
2018,CC,C,7,1,GETR,1,2,4,2,3.4832,PF
2018,CC,C,7,1,GETR,2,1,3,7,6.0956,PF
2018,CC,C,7,1,IRMI,1,1,25,1,3.0108,PF
2018,CC,C,7,1,MUMO,1,0.5,22,9,13.02705,PG4
2018,CC,C,7,1,MUMO,2,0.25,18,10,7.23725,PG4
2018,CC,C,7,1,POPR,1,0.5,19,6,5.5269,PG3
2018,CC,C,7,1,POPR,2,0.25,16,14,6.44805,PG3
2018,CC,C,7,1,POPR,3,0.1,10,28,5.15844,PG3
2018,CC,C,7,2,BRPO,1,2,29,2,6.976,PG4
2018,CC,C,7,2,BRPO,2,1,25,4,6.976,PG4
2018,CC,C,7,2,BRPO,3,0.5,18,4,3.488,PG4
2018,CC,C,7,2,ELEL,1,2,32,1,5.7848,PG3
2018,CC,C,7,2,ELEL,2,0.5,26,3,4.3386,PG3
2018,CC,C,7,2,ELEL,3,0.25,20,4,2.8924,PG3
2018,CC,C,7,2,ERFO,1,1,7,2,0.686,PF
2018,CC,C,7,2,ERFO,2,0.5,5,1,0.1715,PF
2018,CC,C,7,2,FEAR,1,8,42,1,41.316,PG3
2018,CC,C,7,2,FEAR,2,4,38,1,20.658,PG3
2018,CC,C,7,2,FEAR,3,2,32,2,20.658,PG3
2018,CC,C,7,2,GETR,1,2,4,2,3.4832,PF
2018,CC,C,7,2,GETR,2,1,3,3,2.6124,PF
2018,CC,C,7,2,MUMO,1,4,23,1,11.5796,PG4
2018,CC,C,7,2,MUMO,2,2,20,1,5.7898,PG4
2018,CC,C,7,2,MUMO,3,1,18,3,8.6847,PG4
2018,CC,C,7,2,MUMO,4,0.5,12,5,7.23725,PG4
2018,CC,C,7,2,POHI,1,2,12,1,1.5558,PF
2018,CC,C,7,2,POHI,2,1,10,1,0.7779,PF
2018,CC,C,7,2,POHI,3,0.5,8,1,0.38895,PF
2018,CC,C,12,1,BRPO,1,0.1,19,7,1.2208,PG4
2018,CC,C,12,1,BRPO,2,0.5,24,2,1.744,PG4
2018,CC,C,12,1,FEAR,1,4,37,2,41.316,PG3
2018,CC,C,12,1,FEAR,2,3,33,2,30.987,PG3
2018,CC,C,12,1,FEAR,3,1,28,5,25.8225,PG3
2018,CC,C,12,1,FEAR,4,0.5,25,1,2.58225,PG3
2018,CC,C,12,1,GETR,1,2,9,4,6.9664,PF
2018,CC,C,12,1,GETR,2,1,6,9,7.8372,PF
2018,CC,C,12,1,HYHO,1,4,22,5,37.344,PF
2018,CC,C,12,1,HYHO,2,2,24,6,22.4064,PF
2018,CC,C,12,1,HYHO,3,1,22,2,3.7344,PF
2018,CC,C,12,1,MUMO,1,0.25,19,3,2.171175,PG4
2018,CC,C,12,1,MUMO,2,0.5,15,2,2.8949,PG4
2018,CC,C,12,1,POHI,1,1,14,3,2.3337,PF
2018,CC,C,12,1,POHI,2,0.5,9,6,2.3337,PF
2018,CC,C,12,1,POPR,1,1,28,4,7.3692,PG3
2018,CC,C,12,1,POPR,2,0.5,16,5,4.60575,PG3
2018,CC,C,12,1,POPR,3,0.1,14,10,1.8423,PG3
2018,CC,C,12,1,VIAM,1,0.5,22,2,0.4351,PF
2018,CC,C,12,1,VIAM,2,0.25,9,3,0.326325,PF
2018,CC,C,12,2,BRPO,1,3,31,1,5.232,PG4
2018,CC,C,12,2,BRPO,2,2,25,2,6.976,PG4
2018,CC,C,12,2,BRPO,3,1,21,2,3.488,PG4
2018,CC,C,12,2,BRPO,4,0.5,23,4,3.488,PG4
2018,CC,C,12,2,BRPO,5,0.1,19,10,1.744,PG4
2018,CC,C,12,2,BRPO,6,0.25,24,7,3.052,PG4
2018,CC,C,12,2,FEAR,1,5,41,2,51.645,PG3
2018,CC,C,12,2,FEAR,2,2,33,2,20.658,PG3
2018,CC,C,12,2,FEAR,3,1,27,4,20.658,PG3
2018,CC,C,12,2,GETR,1,2,8,6,10.4496,PF
2018,CC,C,12,2,GETR,2,1,5,9,7.8372,PF
2018,CC,C,12,2,HYHO,1,2,17,2,7.4688,PF
2018,CC,C,12,2,IRMI,1,1,36,1,3.0108,PF
2018,CC,C,12,2,IRMI,2,0.5,24,1,1.5054,PF
2018,CC,C,12,2,MUMO,1,1,24,4,11.5796,PG4
2018,CC,C,12,2,MUMO,2,0.5,20,3,4.34235,PG4
2018,CC,C,12,2,MUMO,3,0.25,18,4,2.8949,PG4
2018,CC,C,12,2,OXLA,1,0.5,12,1,0.56795,PF
2018,CC,C,12,2,POHI,1,2,11,1,1.5558,PF
2018,CC,C,12,2,POHI,2,1,10,4,3.1116,PF
2018,CC,C,12,2,POHI,3,0.5,9,5,1.94475,PF
2018,CC,C,12,2,POPR,1,0.5,22,5,4.60575,PG3
2018,CC,C,12,2,POPR,2,0.25,14,6,2.76345,PG3
2018,CC,C,12,2,POPR,3,0.1,14,16,2.94768,PG3
2018,CC,C,12,2,VIAM,1,1,12,3,1.3053,PF
2018,CC,C,12,2,VIAM,2,0.5,14,1,0.21755,PF
2018,CC,C,12,2,VIAM,3,0.25,15,1,0.108775,PF
2018,CC,D,2,1,BRPO,1,1,25,2,3.488,PG4
2018,CC,D,2,1,BRPO,2,0.5,21,4,3.488,PG4
2018,CC,D,2,1,BRPO,3,0.25,16,4,1.744,PG4
2018,CC,D,2,1,CAPA,1,0.5,9,3,0.89085,PF
2018,CC,D,2,1,CAPA,2,0.25,6,4,0.5939,PF
2018,CC,D,2,1,CAPA,3,0.1,4,7,0.41573,PF
2018,CC,D,2,1,ELEL,1,0.5,20,1,1.4462,PG3
2018,CC,D,2,1,ERFL,1,0.05,3,2,0.0343,AF
2018,CC,D,2,1,FEAR,1,6,35,1,30.987,PG3
2018,CC,D,2,1,FEAR,2,2,33,6,61.974,PG3
2018,CC,D,2,1,FEAR,3,3,34,2,30.987,PG3
2018,CC,D,2,1,FEAR,4,1,26,1,5.1645,PG3
2018,CC,D,2,1,GETR,1,2,5,5,8.708,PF
2018,CC,D,2,1,GETR,2,1,4,8,6.9664,PF
2018,CC,D,2,1,GETR,3,0.5,3,10,4.354,PF
2018,CC,D,2,1,IRMI,1,1.5,31,1,4.5162,PF
2018,CC,D,2,1,MUMO,1,0.5,21,1,1.44745,PG4
2018,CC,D,2,1,POHI,1,1,10,1,0.7779,PF
2018,CC,D,2,1,POPR,1,1,23,3,5.5269,PG3
2018,CC,D,2,1,POPR,2,0.5,20,6,5.5269,PG3
2018,CC,D,2,1,POPR,3,0.25,18,9,4.145175,PG3
2018,CC,D,2,1,POPR,4,0.1,15,17,3.13191,PG3
2018,CC,D,2,2,ASSP,1,0.5,16,1,0.1558,PF
2018,CC,D,2,2,BLTR,1,0.25,18,1,0.50905,PG4
2018,CC,D,2,2,BRPO,1,1,32,3,5.232,PG4
2018,CC,D,2,2,BRPO,2,0.5,29,6,5.232,PG4
2018,CC,D,2,2,BRPO,3,0.25,26,7,3.052,PG4
2018,CC,D,2,2,BRPO,4,0.1,18,3,0.5232,PG4
2018,CC,D,2,2,CAPA,1,0.1,8,3,0.17817,PF
2018,CC,D,2,2,CAPA,2,0.25,12,1,0.148475,PF
2018,CC,D,2,2,ERFL,1,0.05,2,3,0.05145,AF
2018,CC,D,2,2,ERFO,1,0.25,3,1,0.08575,PF
2018,CC,D,2,2,ERRA,1,1,14,2,2.7162,PF
2018,CC,D,2,2,ERRA,2,0.5,12,7,4.75335,PF
2018,CC,D,2,2,FEAR,1,6,41,1,30.987,PG3
2018,CC,D,2,2,FEAR,2,5,39,1,25.8225,PG3
2018,CC,D,2,2,FEAR,3,4,37,1,20.658,PG3
2018,CC,D,2,2,FEAR,4,2,32,2,20.658,PG3
2018,CC,D,2,2,FEAR,5,3,36,1,15.4935,PG3
2018,CC,D,2,2,FEAR,6,1,28,2,10.329,PG3
2018,CC,D,2,2,GETR,1,2,7,11,19.1576,PF
2018,CC,D,2,2,GETR,2,1,5,7,6.0956,PF
2018,CC,D,2,2,IRMI,1,2,29,1,6.0216,PF
2018,CC,D,2,2,IRMI,2,1,24,2,6.0216,PF
2018,CC,D,2,2,MUMO,1,0.75,26,2,4.34235,PG4
2018,CC,D,2,2,MUMO,2,0.5,20,4,5.7898,PG4
2018,CC,D,2,2,POPR,1,0.25,19,5,2.302875,PG3
2018,CC,D,2,2,POPR,2,0.1,17,16,2.94768,PG3
2018,CC,D,2,2,VIAM,1,1,42,1,0.4351,PF
2018,CC,D,2,2,VIAM,2,0.75,28,1,0.326325,PF
2018,CC,D,5,1,ACMI,1,0.1,7,2,0.28554,PF
2018,CC,D,5,1,ASSP,1,1,10,1,0.3116,PF
2018,CC,D,5,1,ASSP,2,0.5,6,1,0.1558,PF
2018,CC,D,5,1,BRPO,1,0.1,21,4,0.6976,PG4
2018,CC,D,5,1,BRPO,2,0.25,25,4,1.744,PG4
2018,CC,D,5,1,FEAR,1,3,24,2,30.987,PG3
2018,CC,D,5,1,FEAR,2,2,23,5,51.645,PG3
2018,CC,D,5,1,FEAR,3,1,20,4,20.658,PG3
2018,CC,D,5,1,GETR,1,2,8,5,8.708,PF
2018,CC,D,5,1,GETR,2,1,6,11,9.5788,PF
2018,CC,D,5,1,IRMI,1,1.5,25,2,9.0324,PF
2018,CC,D,5,1,IRMI,2,1,23,6,18.0648,PF
2018,CC,D,5,1,IRMI,3,0.5,19,2,3.0108,PF
2018,CC,D,5,1,MUMO,1,0.25,24,1,0.723725,PG4
2018,CC,D,5,1,POHI,1,1.5,10,2,2.3337,PF
2018,CC,D,5,1,POHI,2,1,9,2,1.5558,PF
2018,CC,D,5,1,POPR,1,0.25,16,2,0.92115,PG3
2018,CC,D,5,1,POPR,2,0.1,14,11,2.02653,PG3
2018,CC,D,5,2,BLTR,1,0.5,20,4,4.0724,PG4
2018,CC,D,5,2,BLTR,2,1,26,3,6.1086,PG4
2018,CC,D,5,2,BLTR,3,0.25,18,1,0.50905,PG4
2018,CC,D,5,2,BRPO,1,0.5,16,5,4.36,PG4
2018,CC,D,5,2,BRPO,2,1,25,1,1.744,PG4
2018,CC,D,5,2,CAGE,1,0.1,16,10,0.2427,PG3
2018,CC,D,5,2,ERFL,1,0.05,2,2,0.0343,AF
2018,CC,D,5,2,FEAR,1,2,38,1,10.329,PG3
2018,CC,D,5,2,FEAR,2,3,40,1,15.4935,PG3
2018,CC,D,5,2,GETR,1,2,6,4,6.9664,PF
2018,CC,D,5,2,GETR,2,1,5,11,9.5788,PF
2018,CC,D,5,2,HYHO,1,2,24,2,7.4688,PF
2018,CC,D,5,2,HYHO,2,1,20,1,1.8672,PF
2018,CC,D,5,2,IRMI,1,1.5,25,1,4.5162,PF
2018,CC,D,5,2,IRMI,2,0.5,20,4,6.0216,PF
2018,CC,D,5,2,IRMI,3,1,22,5,15.054,PF
2018,CC,D,5,2,MUMO,1,0.25,17,1,0.723725,PG4
2018,CC,D,5,2,POHI,1,1.5,10,4,4.6674,PF
2018,CC,D,5,2,POHI,2,1,8,2,1.5558,PF
2018,CC,D,5,2,POPR,1,0.25,22,11,5.066325,PG3
2018,CC,D,5,2,POPR,2,0.1,15,22,4.05306,PG3
2018,CC,D,8,1,BRPO,1,1,25,1,1.744,PG4
2018,CC,D,8,1,BRPO,2,0.25,18,2,0.872,PG4
2018,CC,D,8,1,ELEL,1,0.5,28,6,8.6772,PG3
2018,CC,D,8,1,ELEL,2,0.25,20,12,8.6772,PG3
2018,CC,D,8,1,ERFL,1,0.05,2,3,0.05145,AF
2018,CC,D,8,1,ERFO,1,0.5,15,2,0.343,PF
2018,CC,D,8,1,ERFO,2,0.25,10,1,0.08575,PF
2018,CC,D,8,1,FEAR,1,6,41,1,30.987,PG3
2018,CC,D,8,1,FEAR,2,3,36,1,15.4935,PG3
2018,CC,D,8,1,FEAR,3,2,34,2,20.658,PG3
2018,CC,D,8,1,GETR,1,1,5,1,0.8708,PF
2018,CC,D,8,1,MUMO,1,0.5,26,5,7.23725,PG4
2018,CC,D,8,1,MUMO,2,0.25,22,8,5.7898,PG4
2018,CC,D,8,1,MUMO,3,0.1,18,9,2.60541,PG4
2018,CC,D,8,1,POHI,1,2,15,2,3.1116,PF
2018,CC,D,8,1,POHI,2,1,10,1,0.7779,PF
2018,CC,D,8,1,POPR,1,0.5,21,5,4.60575,PG3
2018,CC,D,8,1,POPR,2,0.25,18,7,3.224025,PG3
2018,CC,D,8,1,POPR,3,0.1,16,17,3.13191,PG3
2018,CC,D,8,2,BRPO,1,2,22,1,3.488,PG4
2018,CC,D,8,2,BRPO,2,1,20,2,3.488,PG4
2018,CC,D,8,2,BRPO,3,0.5,16,2,1.744,PG4
2018,CC,D,8,2,ELEL,1,2,28,3,17.3544,PG3
2018,CC,D,8,2,ELEL,2,1,25,2,5.7848,PG3
2018,CC,D,8,2,ELEL,3,0.5,18,1,1.4462,PG3
2018,CC,D,8,2,ERFO,1,0.25,4,1,0.08575,PF
2018,CC,D,8,2,FEAR,1,4,34,1,20.658,PG3
2018,CC,D,8,2,GETR,1,0.5,3,1,0.4354,PF
2018,CC,D,8,2,MUMO,1,0.5,21,2,2.8949,PG4
2018,CC,D,8,2,MUMO,2,0.25,18,3,2.171175,PG4
2018,CC,D,8,2,POHI,1,2,12,3,4.6674,PF
2018,CC,D,8,2,POHI,2,3,16,1,2.3337,PF
2018,CC,D,8,2,POHI,3,1,10,3,2.3337,PF
2018,CC,D,8,2,POPR,1,1,30,6,11.0538,PG3
2018,CC,D,8,2,POPR,2,0.5,26,14,12.8961,PG3
2018,CC,D,8,2,POPR,3,0.25,24,32,14.7384,PG3
2018,CC,D,8,2,POPR,4,0.1,16,27,4.97421,PG3
2018,CC,D,8,2,UKFO,1,0.05,1,3,0.07983,PF
2018,CC,D,10,1,ACMI,1,0.1,12,5,0.71385,PF
2018,CC,D,10,1,BRPO,1,0.25,16,2,0.872,PG4
2018,CC,D,10,1,BRPO,2,0.5,19,3,2.616,PG4
2018,CC,D,10,1,BRPO,3,0.1,14,1,0.1744,PG4
2018,CC,D,10,1,FEAR,1,3,33,2,30.987,PG3
2018,CC,D,10,1,FEAR,2,2,30,4,41.316,PG3
2018,CC,D,10,1,FEAR,3,1,28,3,15.4935,PG3
2018,CC,D,10,1,GETR,1,2,4,6,10.4496,PF
2018,CC,D,10,1,GETR,2,1,3,6,5.2248,PF
2018,CC,D,10,1,IRMI,1,0.5,18,1,1.5054,PF
2018,CC,D,10,1,MUMO,1,1,26,2,5.7898,PG4
2018,CC,D,10,1,MUMO,2,0.5,24,4,5.7898,PG4
2018,CC,D,10,1,MUMO,3,0.25,18,2,1.44745,PG4
2018,CC,D,10,1,OXLA,1,1,17,1,1.1359,PF
2018,CC,D,10,1,POHI,1,2,9,3,4.6674,PF
2018,CC,D,10,1,POHI,2,1,7,3,2.3337,PF
2018,CC,D,10,1,POPR,1,0.25,19,5,2.302875,PG3
2018,CC,D,10,1,POPR,2,0.1,15,10,1.8423,PG3
2018,CC,D,10,2,ACMI,1,0.1,5,7,0.99939,PF
2018,CC,D,10,2,ACMI,2,0.05,5,3,0.214155,PF
2018,CC,D,10,2,ASSP,1,0.5,13,2,0.3116,PF
2018,CC,D,10,2,BRPO,1,0.25,12,7,3.052,PG4
2018,CC,D,10,2,BRPO,2,0.5,23,2,1.744,PG4
2018,CC,D,10,2,BRPO,3,0.1,12,5,0.872,PG4
2018,CC,D,10,2,ELEL,1,1,25,2,5.7848,PG3
2018,CC,D,10,2,ELEL,2,0.5,20,3,4.3386,PG3
2018,CC,D,10,2,ELEL,3,0.25,19,4,2.8924,PG3
2018,CC,D,10,2,ERFL,1,0.1,4,3,0.1029,AF
2018,CC,D,10,2,ERFL,2,0.05,1,6,0.1029,AF
2018,CC,D,10,2,FEAR,1,5,43,2,51.645,PG3
2018,CC,D,10,2,FEAR,2,1,21,3,15.4935,PG3
2018,CC,D,10,2,FEAR,3,0.5,21,1,2.58225,PG3
2018,CC,D,10,2,GETR,1,2,5,8,13.9328,PF
2018,CC,D,10,2,GETR,2,1,5,14,12.1912,PF
2018,CC,D,10,2,HYHO,1,3,27,1,5.6016,PF
2018,CC,D,10,2,HYHO,2,2,25,3,11.2032,PF
2018,CC,D,10,2,HYHO,3,1,17,1,1.8672,PF
2018,CC,D,10,2,MUMO,1,0.5,21,2,2.8949,PG4
2018,CC,D,10,2,MUMO,2,0.25,17,6,4.34235,PG4
2018,CC,D,10,2,MUMO,3,0.1,16,2,0.57898,PG4
2018,CC,D,10,2,POHI,1,1,10,1,0.7779,PF
2018,CC,D,10,2,POHI,2,0.5,9,2,0.7779,PF
2018,CC,D,10,2,POPR,1,0.25,13,6,2.76345,PG3
2018,CC,D,10,2,POPR,2,0.1,13,19,3.50037,PG3
2018,CC,W,4,1,BRPO,1,0.25,12,1,0.436,PG4
2018,CC,W,4,1,ERFO,1,0.5,9,1,0.1715,PF
2018,CC,W,4,1,FEAR,1,4,42,4,82.632,PG3
2018,CC,W,4,1,FEAR,2,3,38,2,30.987,PG3
2018,CC,W,4,1,FEAR,3,2,36,2,20.658,PG3
2018,CC,W,4,1,FEAR,4,1,22,2,10.329,PG3
2018,CC,W,4,1,GETR,1,2,12,6,10.4496,PF
2018,CC,W,4,1,GETR,2,1,8,8,6.9664,PF
2018,CC,W,4,1,IRMI,1,1,39,1,3.0108,PF
2018,CC,W,4,1,MUMO,1,1,21,1,2.8949,PG4
2018,CC,W,4,1,MUMO,2,0.5,18,4,5.7898,PG4
2018,CC,W,4,1,MUMO,3,0.25,15,2,1.44745,PG4
2018,CC,W,4,1,POHI,1,2,12,2,3.1116,PF
2018,CC,W,4,1,POHI,2,1,10,3,2.3337,PF
2018,CC,W,4,1,POHI,3,0.5,7,3,1.16685,PF
2018,CC,W,4,1,POPR,1,0.25,21,7,2.57922,PG3
2018,CC,W,4,1,POPR,2,0.1,1,29,5.34267,PG3
2018,CC,W,4,2,BRPO,1,0.25,20,2,0.872,PG4
2018,CC,W,4,2,BRPO,2,0.5,24,3,2.616,PG4
2018,CC,W,4,2,BRPO,3,0.1,16,6,1.0464,PG4
2018,CC,W,4,2,CAPA,1,0.1,6,2,0.11878,PF
2018,CC,W,4,2,ELEL,1,0.5,20,1,1.4462,PG3
2018,CC,W,4,2,ERFL,1,0.05,2,5,0.08575,AF
2018,CC,W,4,2,ERRA,1,1,12,2,2.7162,PF
2018,CC,W,4,2,ERRA,2,0.5,10,2,1.3581,PF
2018,CC,W,4,2,FEAR,1,6,44,1,30.987,PG3
2018,CC,W,4,2,FEAR,2,4,39,1,20.658,PG3
2018,CC,W,4,2,FEAR,3,3,38,1,15.4935,PG3
2018,CC,W,4,2,HYHO,1,4,29,3,22.4064,PF
2018,CC,W,4,2,HYHO,2,2,23,2,7.4688,PF
2018,CC,W,4,2,IRMI,1,2,29,1,6.0216,PF
2018,CC,W,4,2,MUMO,1,1,22,4,11.5796,PG4
2018,CC,W,4,2,MUMO,2,1.5,26,1,4.34235,PG4
2018,CC,W,4,2,MUMO,3,0.5,18,8,11.5796,PG4
2018,CC,W,4,2,POPR,1,1,23,2,3.6846,PG3
2018,CC,W,4,2,POPR,2,0.5,22,11,10.13265,PG3
2018,CC,W,4,2,POPR,3,0.25,18,14,6.44805,PG3
2018,CC,W,4,2,POPR,4,0.1,14,11,2.02653,PG3
2018,CC,W,6,1,ACMI,1,0.5,12,1,0.71385,PF
2018,CC,W,6,1,ACMI,2,0.25,10,4,1.4277,PF
2018,CC,W,6,1,ACMI,3,0.1,6,2,0.28554,PF
2018,CC,W,6,1,BRPO,1,1.5,23,1,2.616,PG4
2018,CC,W,6,1,BRPO,2,0.5,22,6,5.232,PG4
2018,CC,W,6,1,BRPO,3,0.25,18,6,2.616,PG4
2018,CC,W,6,1,ERFL,1,0.05,2,14,0.2401,AF
2018,CC,W,6,1,FEAR,1,3,34,5,77.4675,PG3
2018,CC,W,6,1,FEAR,2,5,37,1,25.8225,PG3
2018,CC,W,6,1,FEAR,3,2,30,2,20.658,PG3
2018,CC,W,6,1,GETR,1,2,7,7,12.1912,PF
2018,CC,W,6,1,GETR,2,1,5,10,8.708,PF
2018,CC,W,6,1,HYHO,1,1,25,3,5.6016,PF
2018,CC,W,6,1,IRMI,1,12,36,1,36.1296,PF
2018,CC,W,6,1,MUMO,1,0.5,18,2,2.8949,PG4
2018,CC,W,6,1,MUMO,2,1,20,1,2.8949,PG4
2018,CC,W,6,1,MUMO,3,0.25,16,3,2.171175,PG4
2018,CC,W,6,1,POHI,1,1,10,1,0.7779,PF
2018,CC,W,6,1,POHI,2,0.5,9,3,1.16685,PF
2018,CC,W,6,1,POPR,1,0.5,20,4,3.6846,PG3
2018,CC,W,6,1,POPR,2,0.25,18,8,3.6846,PG3
2018,CC,W,6,1,POPR,3,0.1,15,27,4.97421,PG3
2018,CC,W,6,1,VIAM,1,0.25,9,2,0.21755,PF
2018,CC,W,6,2,BRPO,1,2,30,3,10.464,PG4
2018,CC,W,6,2,BRPO,2,1,26,4,6.976,PG4
2018,CC,W,6,2,BRPO,3,0.5,22,6,5.232,PG4
2018,CC,W,6,2,ELEL,1,0.25,20,3,2.1693,PG3
2018,CC,W,6,2,ERFL,1,0.05,1,2,0.0343,AF
2018,CC,W,6,2,FEAR,1,9,42,1,46.4805,PG3
2018,CC,W,6,2,FEAR,2,5,37,2,51.645,PG3
2018,CC,W,6,2,FEAR,3,4,35,1,20.658,PG3
2018,CC,W,6,2,FEAR,4,3,32,1,15.4935,PG3
2018,CC,W,6,2,FEAR,5,0.5,20,1,2.58225,PG3
2018,CC,W,6,2,GETR,1,2,6,4,6.9664,PF
2018,CC,W,6,2,GETR,2,1,4,6,5.2248,PF
2018,CC,W,6,2,MUMO,1,1,28,2,5.7898,PG4
2018,CC,W,6,2,MUMO,2,0.5,26,4,5.7898,PG4
2018,CC,W,6,2,MUMO,3,0.25,20,10,7.23725,PG4
2018,CC,W,6,2,OXLA,1,2,18,1,2.2718,PF
2018,CC,W,6,2,OXLA,2,0.5,10,1,0.56795,PF
2018,CC,W,6,2,OXLA,3,1,15,1,1.1359,PF
2018,CC,W,6,2,POHI,1,0.5,13,3,1.16685,PF
2018,CC,W,6,2,POPR,1,0.25,19,5,2.302875,PG3
2018,CC,W,6,2,POPR,2,0.1,17,11,2.02653,PG3
2018,CC,W,9,1,BRPO,1,0.25,24,2,0.872,PG4
2018,CC,W,9,1,BRPO,2,0.1,16,2,0.3488,PG4
2018,CC,W,9,1,ELEL,1,0.25,16,2,1.4462,PG3
2018,CC,W,9,1,ELEL,2,0.5,20,1,1.4462,PG3
2018,CC,W,9,1,ERFL,1,0.1,3,1,0.0343,AF
2018,CC,W,9,1,ERFL,2,0.05,2,2,0.0343,AF
2018,CC,W,9,1,FEAR,1,5,39,1,25.8225,PG3
2018,CC,W,9,1,FEAR,2,4,38,1,20.658,PG3
2018,CC,W,9,1,FEAR,3,3,36,3,46.4805,PG3
2018,CC,W,9,1,FEAR,4,1,29,1,5.1645,PG3
2018,CC,W,9,1,GETR,1,1,5,8,6.9664,PF
2018,CC,W,9,1,HYHO,1,4,58,2,14.9376,PF
2018,CC,W,9,1,HYHO,2,1,31,4,7.4688,PF
2018,CC,W,9,1,HYHO,1,3,28,1,5.6016,PF
2018,CC,W,9,1,IRMI,1,1.5,30,4,18.0648,PF
2018,CC,W,9,1,IRMI,2,1,27,5,15.054,PF
2018,CC,W,9,1,MUMO,1,1,25,2,5.7898,PG4
2018,CC,W,9,1,MUMO,2,0.5,22,5,7.23725,PG4
2018,CC,W,9,1,POHI,1,2,12,5,7.779,PF
2018,CC,W,9,1,POHI,2,1,10,5,3.8895,PF
2018,CC,W,9,1,POHI,3,0.5,6,2,0.7779,PF
2018,CC,W,9,2,BRPO,1,0.5,24,2,1.744,PG4
2018,CC,W,9,2,BRPO,2,0.25,20,4,1.744,PG4
2018,CC,W,9,2,ELEL,1,1,26,3,8.6772,PG3
2018,CC,W,9,2,ELEL,2,0.5,18,4,5.7848,PG3
2018,CC,W,9,2,ELEL,3,1.5,27,1,4.3386,PG3
2018,CC,W,9,2,ELEL,4,0.25,15,3,2.1693,PG3
2018,CC,W,9,2,ERFL,1,0.1,3,6,0.2058,AF
2018,CC,W,9,2,ERFL,2,0.05,2,15,0.25725,AF
2018,CC,W,9,2,FEAR,1,8,39,1,41.316,PG3
2018,CC,W,9,2,FEAR,2,4,36,1,20.658,PG3
2018,CC,W,9,2,FEAR,3,3,30,1,15.4935,PG3
2018,CC,W,9,2,FEAR,4,2,27,1,10.329,PG3
2018,CC,W,9,2,HYHO,1,4,48,4,29.8752,PF
2018,CC,W,9,2,HYHO,2,2,32,3,11.2032,PF
2018,CC,W,9,2,HYHO,3,1,26,1,1.8672,PF
2018,CC,W,9,2,MUMO,1,1,22,2,5.7898,PG4
2018,CC,W,9,2,MUMO,2,0.5,21,4,5.7898,PG4
2018,CC,W,9,2,POHI,1,0.75,8,1,0.583425,PF
2018,CC,W,9,2,POHI,2,0.5,7,3,1.16685,PF
2018,CC,W,9,2,POPR,1,0.5,22,6,5.5269,PG3
2018,CC,W,9,2,POPR,2,0.25,20,8,3.6846,PG3
2018,CC,W,9,2,POPR,3,0.1,14,32,5.89536,PG3
2018,CC,W,9,2,VIAM,1,0.5,14,3,0.65265,PF
2018,CC,W,9,2,VIAM,2,0.25,12,2,0.21755,PF
2018,CC,W,9,2,VIAM,1,0.75,14,2,0.65265,PF
2018,CC,W,11,1,BRPO,1,0.25,14,2,0.872,PG4
2018,CC,W,11,1,BRPO,2,0.1,12,2,0.3488,PG4
2018,CC,W,11,1,BRPO,3,1,33,1,1.744,PG4
2018,CC,W,11,1,BRPO,4,0.5,24,2,1.744,PG4
2018,CC,W,11,1,ELEL,1,0.5,32,1,1.4462,PG3
2018,CC,W,11,1,ELEL,2,0.25,21,2,1.4462,PG3
2018,CC,W,11,1,ERFL,1,0.1,6,4,0.1372,AF
2018,CC,W,11,1,ERFL,2,0.05,3,14,0.2401,AF
2018,CC,W,11,1,FEAR,1,6,43,2,61.974,PG3
2018,CC,W,11,1,FEAR,2,4,42,2,41.316,PG3
2018,CC,W,11,1,FEAR,3,2,30,4,41.316,PG3
2018,CC,W,11,1,FEAR,4,1,28,4,20.658,PG3
2018,CC,W,11,1,FEAR,5,2,32,1,10.329,PG3
2018,CC,W,11,1,GETR,1,2,5,1,1.7416,PF
2018,CC,W,11,1,GETR,2,1,7,5,4.354,PF
2018,CC,W,11,1,HYHO,1,2,26,1,3.7344,PF
2018,CC,W,11,1,HYHO,2,1,24,2,3.7344,PF
2018,CC,W,11,1,IRMI,1,0.5,37,3,4.5162,PF
2018,CC,W,11,1,POHI,1,0.5,19,2,0.7779,PF
2018,CC,W,11,1,POHI,2,1.5,18,1,1.16685,PF
2018,CC,W,11,1,POHI,3,1,16,2,1.5558,PF
2018,CC,W,11,1,POPR,1,0.1,15,12,2.21076,PG3
2018,CC,W,11,1,VIAM,1,0.5,20,3,0.65265,PF
2018,CC,W,11,1,VIAM,2,0.75,30,1,0.326325,PF
2018,CC,W,11,1,VIAM,3,0.25,20,1,0.108775,PF
2018,CC,W,11,2,ANRO,1,0.1,4,2,0.42564,PF
2018,CC,W,11,2,ANRO,2,0.05,2,2,0.21282,PF
2018,CC,W,11,2,BRPO,1,2,26,2,6.976,PG4
2018,CC,W,11,2,BRPO,2,1,19,10,17.44,PG4
2018,CC,W,11,2,BRPO,3,0.5,26,5,4.36,PG4
2018,CC,W,11,2,BRPO,4,0.1,20,6,1.0464,PG4
2018,CC,W,11,2,CAGE,1,0.1,14,6,0.14562,PF
2018,CC,W,11,2,ELEL,1,1,29,1,2.8924,PG3
2018,CC,W,11,2,ELEL,2,0.25,21,2,1.4462,PG3
2018,CC,W,11,2,ERFL,1,0.1,4,2,0.0686,AF
2018,CC,W,11,2,ERFL,2,0.05,2,6,0.1029,AF
2018,CC,W,11,2,FEAR,1,3,33,2,30.987,PG3
2018,CC,W,11,2,FEAR,2,2,28,2,20.658,PG3
2018,CC,W,11,2,FEAR,3,1,29,2,10.329,PG3
2018,CC,W,11,2,GETR,1,2,14,4,6.9664,PF
2018,CC,W,11,2,GETR,2,1,8,7,6.0956,PF
2018,CC,W,11,2,GETR,3,0.5,4,5,2.177,PF
2018,CC,W,11,2,MUMO,1,1,25,2,5.7898,PG4
2018,CC,W,11,2,MUMO,2,0.5,24,6,8.6847,PG4
2018,CC,W,11,2,MUMO,3,0.1,20,7,2.02643,PG4
2018,CC,W,11,2,POHI,1,2,13,1,1.5558,PF
2018,CC,W,11,2,POHI,2,1,11,3,2.3337,PF
2018,CC,W,11,2,POPR,1,0.5,24,5,4.60575,PG3
2018,CC,W,11,2,POPR,2,0.25,21,5,2.302875,PG3
2018,CC,W,11,2,POPR,3,0.1,19,37,6.81651,PG3
2018,CC,W,11,2,VIAM,1,1,24,1,0.4351,PF
2018,CC,W,11,2,VIAM,2,0.5,15,6,1.3053,PF
2018,CC,W,11,2,VIAM,3,0.25,12,2,0.21755,PF